seed,fold,exact_jkp,construction,K,alpha,coverage,width,winkler,n_eval
142,D1,False,practical_fullfit_plus_loo_quantile,20,0.1,0.9640914036996736,48.957547750343004,52.930592193910265,919
142,D1,True,barber_jkp_exact,20,0.1,0.9662676822633297,50.58047408697804,54.66282736899148,919
142,D2,False,practical_fullfit_plus_loo_quantile,20,0.1,1.0,18.967956515916555,18.967956515916555,83
142,D2,True,barber_jkp_exact,20,0.1,1.0,17.297287005124335,17.297287005124335,83
142,D4,False,practical_fullfit_plus_loo_quantile,20,0.1,0.9202453987730062,12.725422881624771,15.509790566933164,163
142,D4,True,barber_jkp_exact,20,0.1,0.8834355828220859,11.747902763048131,15.246777603129127,163
143,D1,False,practical_fullfit_plus_loo_quantile,20,0.1,0.9270946681175191,46.92900086262535,62.680098212573064,919
143,D1,True,barber_jkp_exact,20,0.1,0.9292709466811752,50.66213424868496,64.8149986347258,919
143,D2,False,practical_fullfit_plus_loo_quantile,20,0.1,0.9879518072289156,13.077784930604285,14.556224419861609,83
143,D2,True,barber_jkp_exact,20,0.1,0.9879518072289156,13.418392508829882,15.017788564634758,83
143,D4,False,practical_fullfit_plus_loo_quantile,20,0.1,0.8957055214723927,11.950481511097681,17.900138176648202,163
143,D4,True,barber_jkp_exact,20,0.1,0.8773006134969326,10.738314115895047,18.087877356876596,163
144,D1,False,practical_fullfit_plus_loo_quantile,20,0.1,0.8748639825897715,35.19142091438051,51.84594771253775,919
144,D1,True,barber_jkp_exact,20,0.1,0.8280739934711643,31.857159988614363,57.73584555880224,919
144,D2,False,practical_fullfit_plus_loo_quantile,20,0.1,0.6626506024096386,6.398851497146649,26.2131435259872,83
144,D2,True,barber_jkp_exact,20,0.1,0.6626506024096386,6.144583593410901,26.888717778960007,83
144,D4,False,practical_fullfit_plus_loo_quantile,20,0.1,0.852760736196319,10.487173689290596,15.73271010814483,163
144,D4,True,barber_jkp_exact,20,0.1,0.852760736196319,10.60778613887898,15.353677470905936,163
145,D1,False,practical_fullfit_plus_loo_quantile,20,0.1,1.0,145.23627857783325,145.23627857783325,919
145,D1,True,barber_jkp_exact,20,0.1,1.0,111.60028179705361,111.60028179705361,919
145,D2,False,practical_fullfit_plus_loo_quantile,20,0.1,0.7349397590361446,9.451537439359853,22.165324720597848,83
145,D2,True,barber_jkp_exact,20,0.1,0.8795180722891566,14.065726213500117,16.817193360019584,83
145,D4,False,practical_fullfit_plus_loo_quantile,20,0.1,0.9447852760736196,16.89320730430005,17.902275665192473,163
145,D4,True,barber_jkp_exact,20,0.1,0.9877300613496932,16.75773463122222,16.828775362797934,163
146,D1,False,practical_fullfit_plus_loo_quantile,20,0.1,0.9945593035908596,65.52955259784726,66.45127125013738,919
146,D1,True,barber_jkp_exact,20,0.1,0.9880304678998912,55.2044603972477,56.51844340996655,919
146,D2,False,practical_fullfit_plus_loo_quantile,20,0.1,1.0,22.071588360476543,22.071588360476543,83
146,D2,True,barber_jkp_exact,20,0.1,1.0,24.921608229456037,24.921608229456037,83
146,D4,False,practical_fullfit_plus_loo_quantile,20,0.1,0.8588957055214724,11.573842518672484,16.55661448692218,163
146,D4,True,barber_jkp_exact,20,0.1,0.852760736196319,10.912080556204716,16.764527027430855,163
147,D1,False,practical_fullfit_plus_loo_quantile,20,0.1,0.941240478781284,51.52623771645363,57.472752670464295,919
147,D1,True,barber_jkp_exact,20,0.1,0.969532100108814,55.06606706701452,57.998964672438674,919
147,D2,False,practical_fullfit_plus_loo_quantile,20,0.1,0.8313253012048193,8.29269530228355,13.829208906128791,83
147,D2,True,barber_jkp_exact,20,0.1,0.8433734939759037,8.293213370280135,14.051206085246188,83
147,D4,False,practical_fullfit_plus_loo_quantile,20,0.1,0.9631901840490797,18.8294062320325,20.83518082231264,163
147,D4,True,barber_jkp_exact,20,0.1,0.9754601226993865,18.4683194874202,19.73213381945408,163
148,D1,False,practical_fullfit_plus_loo_quantile,20,0.1,0.9825897714907508,67.04759281327824,68.97009981766635,919
148,D1,True,barber_jkp_exact,20,0.1,0.9891186071817193,63.32314412420362,64.34419526660582,919
148,D2,False,practical_fullfit_plus_loo_quantile,20,0.1,0.7951807228915663,11.958486457580193,21.55836325219099,83
148,D2,True,barber_jkp_exact,20,0.1,0.7831325301204819,11.277850885490084,21.697066688830898,83
148,D4,False,practical_fullfit_plus_loo_quantile,20,0.1,1.0,26.238559021313275,26.238559021313275,163
148,D4,True,barber_jkp_exact,20,0.1,1.0,24.45480478397656,24.45480478397656,163
149,D1,False,practical_fullfit_plus_loo_quantile,20,0.1,1.0,117.5929390675915,117.5929390675915,919
149,D1,True,barber_jkp_exact,20,0.1,0.9978237214363439,111.3160979826185,111.43458829734061,919
149,D2,False,practical_fullfit_plus_loo_quantile,20,0.1,0.9397590361445783,12.619842036012555,14.603952408158563,83
149,D2,True,barber_jkp_exact,20,0.1,0.927710843373494,12.232531756561825,15.05542369243918,83
149,D4,False,practical_fullfit_plus_loo_quantile,20,0.1,0.9938650306748467,19.266567513658014,19.608249448171975,163
149,D4,True,barber_jkp_exact,20,0.1,0.9877300613496932,18.529612592858715,19.196981837749764,163
150,D1,False,practical_fullfit_plus_loo_quantile,20,0.1,0.9934711643090316,74.81185245731224,75.51704074741065,919
150,D1,True,barber_jkp_exact,20,0.1,0.9815016322089227,66.50227138482862,68.44478513109493,919
150,D2,False,practical_fullfit_plus_loo_quantile,20,0.1,0.9518072289156626,11.633148928543733,13.030194343849912,83
150,D2,True,barber_jkp_exact,20,0.1,0.927710843373494,12.157697263783799,13.667427197630055,83
150,D4,False,practical_fullfit_plus_loo_quantile,20,0.1,1.0,24.691775037646384,24.691775037646384,163
150,D4,True,barber_jkp_exact,20,0.1,0.9754601226993865,20.48224504697712,21.32077596433127,163
151,D1,False,practical_fullfit_plus_loo_quantile,20,0.1,0.9869423286180631,64.08782804914681,65.90880443516423,919
151,D1,True,barber_jkp_exact,20,0.1,0.9945593035908596,76.60863034065072,77.16532242513352,919
151,D2,False,practical_fullfit_plus_loo_quantile,20,0.1,1.0,23.684354698218467,23.684354698218467,83
151,D2,True,barber_jkp_exact,20,0.1,1.0,21.245949524551097,21.245949524551097,83
151,D4,False,practical_fullfit_plus_loo_quantile,20,0.1,0.7914110429447853,8.609847811519797,15.000131352688605,163
151,D4,True,barber_jkp_exact,20,0.1,0.8159509202453987,9.005603335115557,14.715315584028222,163
152,D1,False,practical_fullfit_plus_loo_quantile,20,0.1,0.9194776931447225,59.59918430588379,96.52857721486725,919
152,D1,True,barber_jkp_exact,20,0.1,0.9031556039173014,52.31304862229491,96.9679246052804,919
152,D2,False,practical_fullfit_plus_loo_quantile,20,0.1,1.0,30.007042490217263,30.007042490217263,83
152,D2,True,barber_jkp_exact,20,0.1,0.9879518072289156,26.68961583239043,26.78069955786815,83
152,D4,False,practical_fullfit_plus_loo_quantile,20,0.1,0.9693251533742331,15.599997619618676,17.16341092221431,163
152,D4,True,barber_jkp_exact,20,0.1,0.9631901840490797,16.39519970463743,18.138510288177688,163
153,D1,False,practical_fullfit_plus_loo_quantile,20,0.1,0.8117519042437432,39.29350651371152,69.01154477021859,919
153,D1,True,barber_jkp_exact,20,0.1,0.7986942328618063,38.19872799896958,70.70279240624089,919
153,D2,False,practical_fullfit_plus_loo_quantile,20,0.1,1.0,19.847151173326083,19.847151173326083,83
153,D2,True,barber_jkp_exact,20,0.1,1.0,20.875919462253542,20.875919462253542,83
153,D4,False,practical_fullfit_plus_loo_quantile,20,0.1,0.9386503067484663,13.681246130846004,15.510105385324547,163
153,D4,True,barber_jkp_exact,20,0.1,0.9141104294478528,12.767273459396629,15.487195817242991,163
154,D1,False,practical_fullfit_plus_loo_quantile,20,0.1,0.998911860718172,83.72103895376121,83.76991302748755,919
154,D1,True,barber_jkp_exact,20,0.1,1.0,91.51506888326116,91.51506888326116,919
154,D2,False,practical_fullfit_plus_loo_quantile,20,0.1,0.963855421686747,13.15408799043911,15.118146285586771,83
154,D2,True,barber_jkp_exact,20,0.1,0.927710843373494,12.34872858994839,15.42852970037243,83
154,D4,False,practical_fullfit_plus_loo_quantile,20,0.1,0.8957055214723927,17.863701605826737,21.76147351546377,163
154,D4,True,barber_jkp_exact,20,0.1,0.852760736196319,13.829599412218627,22.260586525858635,163
155,D1,False,practical_fullfit_plus_loo_quantile,20,0.1,0.9760609357997824,49.63245483466264,51.225328028210804,919
155,D1,True,barber_jkp_exact,20,0.1,0.9891186071817193,55.05186827875709,55.776804087575584,919
155,D2,False,practical_fullfit_plus_loo_quantile,20,0.1,0.963855421686747,13.755806636310652,15.122269337458349,83
155,D2,True,barber_jkp_exact,20,0.1,0.9879518072289156,15.060825847008006,15.615990851801463,83
155,D4,False,practical_fullfit_plus_loo_quantile,20,0.1,0.9570552147239264,18.894582060795408,19.666098615732196,163
155,D4,True,barber_jkp_exact,20,0.1,0.9079754601226994,15.621216489054511,18.933623308249558,163
156,D1,False,practical_fullfit_plus_loo_quantile,20,0.1,0.8628944504896626,34.5084223121803,53.88606069781245,919
156,D1,True,barber_jkp_exact,20,0.1,0.823721436343852,29.671397521490032,52.907309265316115,919
156,D2,False,practical_fullfit_plus_loo_quantile,20,0.1,0.8674698795180723,7.867612802333992,14.360000197236953,83
156,D2,True,barber_jkp_exact,20,0.1,0.8795180722891566,8.375219164391279,13.57078542243624,83
156,D4,False,practical_fullfit_plus_loo_quantile,20,0.1,0.9570552147239264,13.02795078279495,14.16695058800475,163
156,D4,True,barber_jkp_exact,20,0.1,0.9447852760736196,12.605500633160327,14.01083730297842,163
157,D1,False,practical_fullfit_plus_loo_quantile,20,0.1,0.9825897714907508,63.0891833766144,65.38059189435467,919
157,D1,True,barber_jkp_exact,20,0.1,0.9662676822633297,51.0878290966768,53.416567662924926,919
157,D2,False,practical_fullfit_plus_loo_quantile,20,0.1,0.9156626506024096,9.4930572919703,11.989565104778343,83
157,D2,True,barber_jkp_exact,20,0.1,0.9156626506024096,9.458330875831749,12.397597469924978,83
157,D4,False,practical_fullfit_plus_loo_quantile,20,0.1,0.9693251533742331,15.455359075921635,17.160802221713674,163
157,D4,True,barber_jkp_exact,20,0.1,0.9754601226993865,16.08516923242464,18.328291573594555,163
158,D1,False,practical_fullfit_plus_loo_quantile,20,0.1,0.9368879216539717,43.27056818845817,49.658596213715754,919
158,D1,True,barber_jkp_exact,20,0.1,0.9357997823721437,43.174035433058044,50.11342631079033,919
158,D2,False,practical_fullfit_plus_loo_quantile,20,0.1,0.9036144578313253,12.531387019414483,14.559522280140179,83
158,D2,True,barber_jkp_exact,20,0.1,0.891566265060241,11.838499945414595,14.92456622377371,83
158,D4,False,practical_fullfit_plus_loo_quantile,20,0.1,0.8834355828220859,11.263021635136,18.032712938137482,163
158,D4,True,barber_jkp_exact,20,0.1,0.8895705521472392,10.918001086681194,16.068966895148854,163
159,D1,False,practical_fullfit_plus_loo_quantile,20,0.1,0.9967355821545157,83.85111181060851,84.46603498495578,919
159,D1,True,barber_jkp_exact,20,0.1,0.9597388465723613,66.84941221079018,73.02515902892792,919
159,D2,False,practical_fullfit_plus_loo_quantile,20,0.1,1.0,21.754626572870567,21.754626572870567,83
159,D2,True,barber_jkp_exact,20,0.1,1.0,21.58902851457951,21.58902851457951,83
159,D4,False,practical_fullfit_plus_loo_quantile,20,0.1,0.9815950920245399,17.603139251844595,18.980556455622523,163
159,D4,True,barber_jkp_exact,20,0.1,0.9693251533742331,18.400254408266164,19.56655007328847,163
160,D1,False,practical_fullfit_plus_loo_quantile,20,0.1,0.6104461371055495,24.392092082135775,154.02742720606045,919
160,D1,True,barber_jkp_exact,20,0.1,0.6855277475516867,30.64560487911945,138.33994328938667,919
160,D2,False,practical_fullfit_plus_loo_quantile,20,0.1,1.0,24.12746126335559,24.12746126335559,83
160,D2,True,barber_jkp_exact,20,0.1,1.0,24.211452264651363,24.211452264651363,83
160,D4,False,practical_fullfit_plus_loo_quantile,20,0.1,0.950920245398773,18.939752533540915,20.58596031266953,163
160,D4,True,barber_jkp_exact,20,0.1,0.9325153374233128,18.294458777609,20.067974308863096,163
161,D1,False,practical_fullfit_plus_loo_quantile,20,0.1,0.9608269858541894,67.0412511833755,71.32069916873421,919
161,D1,True,barber_jkp_exact,20,0.1,0.9717083786724701,68.86344292255357,72.03876942873711,919
161,D2,False,practical_fullfit_plus_loo_quantile,20,0.1,0.9879518072289156,16.579789398605172,16.865606878778618,83
161,D2,True,barber_jkp_exact,20,0.1,1.0,17.6889965531376,17.6889965531376,83
161,D4,False,practical_fullfit_plus_loo_quantile,20,0.1,0.9631901840490797,18.000535753797152,20.393743303219978,163
161,D4,True,barber_jkp_exact,20,0.1,0.9263803680981595,16.08178005017178,18.5876641834104,163
162,D1,False,practical_fullfit_plus_loo_quantile,20,0.1,1.0,119.43465268082058,119.43465268082058,919
162,D1,True,barber_jkp_exact,20,0.1,1.0,89.30485781199476,89.30485781199476,919
162,D2,False,practical_fullfit_plus_loo_quantile,20,0.1,0.8674698795180723,12.566958553560026,17.480357460766548,83
162,D2,True,barber_jkp_exact,20,0.1,0.9397590361445783,12.471343439806837,14.074001454546044,83
162,D4,False,practical_fullfit_plus_loo_quantile,20,0.1,0.9570552147239264,14.88361747216095,16.35367463624608,163
162,D4,True,barber_jkp_exact,20,0.1,0.9325153374233128,13.985567933205823,16.75389577643807,163
163,D1,False,practical_fullfit_plus_loo_quantile,20,0.1,0.9249183895538629,55.110071760722924,108.38992690036609,919
163,D1,True,barber_jkp_exact,20,0.1,0.9270946681175191,57.67464430340974,106.18682398357421,919
163,D2,False,practical_fullfit_plus_loo_quantile,20,0.1,0.9036144578313253,8.97304436100238,13.255691186137135,83
163,D2,True,barber_jkp_exact,20,0.1,0.891566265060241,9.493893429644608,13.720604855465117,83
163,D4,False,practical_fullfit_plus_loo_quantile,20,0.1,0.9386503067484663,11.784974318305215,13.824263508096259,163
163,D4,True,barber_jkp_exact,20,0.1,0.950920245398773,13.405540123218039,14.803104690362856,163
164,D1,False,practical_fullfit_plus_loo_quantile,20,0.1,0.8835690968443961,39.39915180504158,66.30361542739745,919
164,D1,True,barber_jkp_exact,20,0.1,0.9173014145810664,42.76051905279718,61.067591932000006,919
164,D2,False,practical_fullfit_plus_loo_quantile,20,0.1,0.9759036144578314,14.098375639060963,14.929395335254988,83
164,D2,True,barber_jkp_exact,20,0.1,0.963855421686747,12.724390238319504,14.215751079185114,83
164,D4,False,practical_fullfit_plus_loo_quantile,20,0.1,0.8466257668711656,12.357663471061965,18.223309903988497,163
164,D4,True,barber_jkp_exact,20,0.1,0.8404907975460123,12.370727718753677,18.350760620598592,163
165,D1,False,practical_fullfit_plus_loo_quantile,20,0.1,0.8803046789989118,45.84822357441921,147.70964804458836,919
165,D1,True,barber_jkp_exact,20,0.1,0.8890097932535365,49.19887678309266,139.435068892391,919
165,D2,False,practical_fullfit_plus_loo_quantile,20,0.1,0.9518072289156626,15.511694623860276,18.16317202826817,83
165,D2,True,barber_jkp_exact,20,0.1,0.891566265060241,15.037896399513162,19.380790508087983,83
165,D4,False,practical_fullfit_plus_loo_quantile,20,0.1,0.9693251533742331,16.79870200490376,17.35634312839239,163
165,D4,True,barber_jkp_exact,20,0.1,0.9631901840490797,16.14015096752804,17.270830002372875,163
166,D1,False,practical_fullfit_plus_loo_quantile,20,0.1,0.7769314472252449,49.02841476004378,113.33594718907997,919
166,D1,True,barber_jkp_exact,20,0.1,0.8041349292709467,55.02986613244133,105.60578555041684,919
166,D2,False,practical_fullfit_plus_loo_quantile,20,0.1,0.9036144578313253,10.635705905313898,14.963285493017304,83
166,D2,True,barber_jkp_exact,20,0.1,0.8795180722891566,10.310051316146353,15.655002369927892,83
166,D4,False,practical_fullfit_plus_loo_quantile,20,0.1,0.9693251533742331,15.559104168490489,16.056738530396583,163
166,D4,True,barber_jkp_exact,20,0.1,0.9693251533742331,15.132390082848858,15.71993147410659,163
167,D1,False,practical_fullfit_plus_loo_quantile,20,0.1,0.9836779107725789,47.983578836058264,49.11996606635583,919
167,D1,True,barber_jkp_exact,20,0.1,0.9499455930359086,42.36750904468023,45.73105952501725,919
167,D2,False,practical_fullfit_plus_loo_quantile,20,0.1,0.9879518072289156,17.4597465471888,17.52752534559203,83
167,D2,True,barber_jkp_exact,20,0.1,1.0,19.882639234580743,19.882639234580743,83
167,D4,False,practical_fullfit_plus_loo_quantile,20,0.1,0.9263803680981595,13.54032062230472,15.203902151177951,163
167,D4,True,barber_jkp_exact,20,0.1,0.950920245398773,15.419593405875025,16.164790947257,163
168,D1,False,practical_fullfit_plus_loo_quantile,20,0.1,1.0,102.35858032415125,102.35858032415125,919
168,D1,True,barber_jkp_exact,20,0.1,1.0,105.96295958957363,105.96295958957363,919
168,D2,False,practical_fullfit_plus_loo_quantile,20,0.1,0.927710843373494,12.075504974342296,13.401174946138987,83
168,D2,True,barber_jkp_exact,20,0.1,0.927710843373494,13.41056716603452,14.458204427111998,83
168,D4,False,practical_fullfit_plus_loo_quantile,20,0.1,0.8773006134969326,12.45448853841346,20.73998168601083,163
168,D4,True,barber_jkp_exact,20,0.1,0.8650306748466258,12.422796263866601,21.513708272347042,163
169,D1,False,practical_fullfit_plus_loo_quantile,20,0.1,0.9967355821545157,83.35964786610548,83.53470041946946,919
169,D1,True,barber_jkp_exact,20,0.1,0.9978237214363439,88.70979497686466,89.24890704096507,919
169,D2,False,practical_fullfit_plus_loo_quantile,20,0.1,0.9879518072289156,16.64619804364172,17.796563615392422,83
169,D2,True,barber_jkp_exact,20,0.1,0.9879518072289156,15.269807089823978,16.40091667979229,83
169,D4,False,practical_fullfit_plus_loo_quantile,20,0.1,0.8404907975460123,11.27449421711582,16.96054728187565,163
169,D4,True,barber_jkp_exact,20,0.1,0.8588957055214724,11.099657512779295,16.450927980626414,163
170,D1,False,practical_fullfit_plus_loo_quantile,20,0.1,0.9749727965179543,56.504801773593606,59.07276803957634,919
170,D1,True,barber_jkp_exact,20,0.1,0.9749727965179543,55.673067460778455,57.3947875372061,919
170,D2,False,practical_fullfit_plus_loo_quantile,20,0.1,0.8433734939759037,16.12019013805104,22.172109405676295,83
170,D2,True,barber_jkp_exact,20,0.1,0.9518072289156626,18.09844455763599,19.52260729190811,83
170,D4,False,practical_fullfit_plus_loo_quantile,20,0.1,0.9141104294478528,13.46782276234404,16.097986335626945,163
170,D4,True,barber_jkp_exact,20,0.1,0.9079754601226994,13.362778425316474,15.879058870593555,163
171,D1,False,practical_fullfit_plus_loo_quantile,20,0.1,0.940152339499456,71.03764117149915,91.35910636242939,919
171,D1,True,barber_jkp_exact,20,0.1,0.9434167573449401,66.68563439141568,87.46225541393304,919
171,D2,False,practical_fullfit_plus_loo_quantile,20,0.1,0.7590361445783133,9.253565998805316,20.277350267583074,83
171,D2,True,barber_jkp_exact,20,0.1,0.7590361445783133,9.88308233904764,19.76151940058329,83
171,D4,False,practical_fullfit_plus_loo_quantile,20,0.1,0.9263803680981595,14.35059923694938,16.835407674532874,163
171,D4,True,barber_jkp_exact,20,0.1,0.9325153374233128,15.153542623653099,17.296145754203057,163
172,D1,False,practical_fullfit_plus_loo_quantile,20,0.1,0.9107725788900979,46.031998709299494,73.31871614903767,919
172,D1,True,barber_jkp_exact,20,0.1,0.8585418933623504,38.78966161801247,74.04889078079731,919
172,D2,False,practical_fullfit_plus_loo_quantile,20,0.1,0.8674698795180723,9.604739910044753,18.523115571292944,83
172,D2,True,barber_jkp_exact,20,0.1,0.891566265060241,9.942644215108857,18.04406980010828,83
172,D4,False,practical_fullfit_plus_loo_quantile,20,0.1,0.8404907975460123,10.44684051829117,15.326115253940424,163
172,D4,True,barber_jkp_exact,20,0.1,0.901840490797546,12.806201588167275,15.831968309195334,163
173,D1,False,practical_fullfit_plus_loo_quantile,20,0.1,0.970620239390642,53.613404076043786,56.07518941087427,919
173,D1,True,barber_jkp_exact,20,0.1,0.9869423286180631,60.003931979194554,61.2526201839984,919
173,D2,False,practical_fullfit_plus_loo_quantile,20,0.1,1.0,18.355408711515594,18.355408711515594,83
173,D2,True,barber_jkp_exact,20,0.1,1.0,20.277019614104045,20.277019614104045,83
173,D4,False,practical_fullfit_plus_loo_quantile,20,0.1,0.9693251533742331,17.556288473744083,18.938741109659862,163
173,D4,True,barber_jkp_exact,20,0.1,0.9447852760736196,15.786767436897549,17.725786464966983,163
174,D1,False,practical_fullfit_plus_loo_quantile,20,0.1,1.0,72.88761522116533,72.88761522116533,919
174,D1,True,barber_jkp_exact,20,0.1,1.0,80.91773728049746,80.91773728049746,919
174,D2,False,practical_fullfit_plus_loo_quantile,20,0.1,0.7469879518072289,11.17755034953096,31.848897432037916,83
174,D2,True,barber_jkp_exact,20,0.1,0.7469879518072289,12.620905019765788,31.94924868381493,83
174,D4,False,practical_fullfit_plus_loo_quantile,20,0.1,0.9877300613496932,16.884181145193917,17.20374397531052,163
174,D4,True,barber_jkp_exact,20,0.1,0.901840490797546,12.988379131975996,15.754815960388319,163
175,D1,False,practical_fullfit_plus_loo_quantile,20,0.1,0.9173014145810664,45.09049633646073,56.39770456845999,919
175,D1,True,barber_jkp_exact,20,0.1,0.9314472252448314,48.71813855660385,57.32434113097305,919
175,D2,False,practical_fullfit_plus_loo_quantile,20,0.1,0.9759036144578314,13.843436574204533,15.108393686469737,83
175,D2,True,barber_jkp_exact,20,0.1,0.891566265060241,12.10636667378883,15.920974484097265,83
175,D4,False,practical_fullfit_plus_loo_quantile,20,0.1,0.8834355828220859,11.261776618097116,15.400231977074583,163
175,D4,True,barber_jkp_exact,20,0.1,0.901840490797546,11.58150867710946,15.481681681626458,163
176,D1,False,practical_fullfit_plus_loo_quantile,20,0.1,0.9173014145810664,73.39272047102165,136.09432612402435,919
176,D1,True,barber_jkp_exact,20,0.1,0.8998911860718172,66.82256392308726,141.12173456233944,919
176,D2,False,practical_fullfit_plus_loo_quantile,20,0.1,0.9397590361445783,20.09744515950696,22.31575930431642,83
176,D2,True,barber_jkp_exact,20,0.1,0.9156626506024096,15.638198467488854,20.317720122012293,83
176,D4,False,practical_fullfit_plus_loo_quantile,20,0.1,0.9263803680981595,14.595069632977223,16.62594908394052,163
176,D4,True,barber_jkp_exact,20,0.1,0.9141104294478528,14.629303224332563,17.33046266218092,163
177,D1,False,practical_fullfit_plus_loo_quantile,20,0.1,0.8400435255712732,30.236634369917383,49.634304862432145,919
177,D1,True,barber_jkp_exact,20,0.1,0.8596300326441785,33.07043301280806,48.627205040486224,919
177,D2,False,practical_fullfit_plus_loo_quantile,20,0.1,1.0,23.020046625876333,23.020046625876333,83
177,D2,True,barber_jkp_exact,20,0.1,1.0,21.38476390321135,21.38476390321135,83
177,D4,False,practical_fullfit_plus_loo_quantile,20,0.1,0.9877300613496932,18.536214897983527,18.809553722363965,163
177,D4,True,barber_jkp_exact,20,0.1,0.9938650306748467,18.042198915275865,18.166813876153416,163
178,D1,False,practical_fullfit_plus_loo_quantile,20,0.1,0.6931447225244831,24.21265495120804,68.21708404952429,919
178,D1,True,barber_jkp_exact,20,0.1,0.7584330794341676,29.29832891713595,64.00025190211528,919
178,D2,False,practical_fullfit_plus_loo_quantile,20,0.1,0.8313253012048193,13.442868198240445,24.95536031947604,83
178,D2,True,barber_jkp_exact,20,0.1,0.8192771084337349,12.003691550093407,23.166075426846994,83
178,D4,False,practical_fullfit_plus_loo_quantile,20,0.1,0.9570552147239264,17.19789089523525,18.21369651721475,163
178,D4,True,barber_jkp_exact,20,0.1,0.9386503067484663,17.152722561557635,17.98861640814274,163
179,D1,False,practical_fullfit_plus_loo_quantile,20,0.1,0.9499455930359086,49.214260251264605,55.235221831498585,919
179,D1,True,barber_jkp_exact,20,0.1,0.9836779107725789,58.06590539198524,59.69233356199697,919
179,D2,False,practical_fullfit_plus_loo_quantile,20,0.1,0.9518072289156626,15.101355353066893,16.865658249208817,83
179,D2,True,barber_jkp_exact,20,0.1,0.9759036144578314,18.848607701039832,19.947252490850477,83
179,D4,False,practical_fullfit_plus_loo_quantile,20,0.1,0.9447852760736196,15.253124629501897,17.14989951967939,163
179,D4,True,barber_jkp_exact,20,0.1,0.9386503067484663,16.385913134547092,18.402999028884395,163
180,D1,False,practical_fullfit_plus_loo_quantile,20,0.1,0.8879216539717084,44.511499784610535,74.4749252239434,919
180,D1,True,barber_jkp_exact,20,0.1,0.8879216539717084,42.534848501024086,66.55134772009269,919
180,D2,False,practical_fullfit_plus_loo_quantile,20,0.1,0.963855421686747,12.800367074509536,13.875060771131036,83
180,D2,True,barber_jkp_exact,20,0.1,0.9397590361445783,11.422994132444797,13.115308965418091,83
180,D4,False,practical_fullfit_plus_loo_quantile,20,0.1,0.9815950920245399,18.287351012451726,19.01219260420053,163
180,D4,True,barber_jkp_exact,20,0.1,0.9815950920245399,18.189472913527393,19.29505472497938,163
181,D1,False,practical_fullfit_plus_loo_quantile,20,0.1,0.9760609357997824,61.58554660560423,63.27253497210615,919
181,D1,True,barber_jkp_exact,20,0.1,0.9902067464635473,69.576745414646,70.27517754543382,919
181,D2,False,practical_fullfit_plus_loo_quantile,20,0.1,0.9397590361445783,11.586496280552483,13.707619943813425,83
181,D2,True,barber_jkp_exact,20,0.1,0.963855421686747,11.915899177127942,13.039877920282526,83
181,D4,False,practical_fullfit_plus_loo_quantile,20,0.1,0.950920245398773,14.522226202948685,16.339202882048212,163
181,D4,True,barber_jkp_exact,20,0.1,0.8895705521472392,11.869856797421239,16.042194827794248,163
182,D1,False,practical_fullfit_plus_loo_quantile,20,0.1,0.9597388465723613,63.76419527045746,70.50225936679246,919
182,D1,True,barber_jkp_exact,20,0.1,0.9466811751904244,59.54643826530352,68.12516021403997,919
182,D2,False,practical_fullfit_plus_loo_quantile,20,0.1,0.9759036144578314,18.290316590682977,19.000225406689754,83
182,D2,True,barber_jkp_exact,20,0.1,0.9518072289156626,16.882546086562567,18.16720982077764,83
182,D4,False,practical_fullfit_plus_loo_quantile,20,0.1,0.9877300613496932,16.468818303076866,17.041688335278163,163
182,D4,True,barber_jkp_exact,20,0.1,0.9570552147239264,14.66674892526192,16.01690616295815,163
183,D1,False,practical_fullfit_plus_loo_quantile,20,0.1,0.9738846572361263,58.66906332031215,61.49749221746046,919
183,D1,True,barber_jkp_exact,20,0.1,0.970620239390642,58.69561755440442,62.16946107752324,919
183,D2,False,practical_fullfit_plus_loo_quantile,20,0.1,0.9397590361445783,15.945451544797844,17.078188263641007,83
183,D2,True,barber_jkp_exact,20,0.1,0.963855421686747,17.063108963709627,17.504109388676138,83
183,D4,False,practical_fullfit_plus_loo_quantile,20,0.1,0.901840490797546,12.714313432240557,18.644047228333335,163
183,D4,True,barber_jkp_exact,20,0.1,0.8650306748466258,11.348197696947887,18.336606326964265,163
184,D1,False,practical_fullfit_plus_loo_quantile,20,0.1,0.9782372143634385,62.14988345883478,64.0601117963188,919
184,D1,True,barber_jkp_exact,20,0.1,0.9902067464635473,71.88792093006185,72.83045708717536,919
184,D2,False,practical_fullfit_plus_loo_quantile,20,0.1,0.7951807228915663,9.257231754559738,17.4971302510653,83
184,D2,True,barber_jkp_exact,20,0.1,0.8192771084337349,9.714541848768354,17.142899318829443,83
184,D4,False,practical_fullfit_plus_loo_quantile,20,0.1,0.8404907975460123,11.027348964456591,20.019495737659053,163
184,D4,True,barber_jkp_exact,20,0.1,0.8588957055214724,12.03673854613973,19.80012819103015,163
185,D1,False,practical_fullfit_plus_loo_quantile,20,0.1,0.8563656147986942,47.267926310398806,74.03967307430631,919
185,D1,True,barber_jkp_exact,20,0.1,0.8258977149075082,48.2242517148805,78.26511093785248,919
185,D2,False,practical_fullfit_plus_loo_quantile,20,0.1,0.8795180722891566,8.47615665050716,14.122362396440787,83
185,D2,True,barber_jkp_exact,20,0.1,0.8795180722891566,9.098460497585496,14.474992323126187,83
185,D4,False,practical_fullfit_plus_loo_quantile,20,0.1,0.9938650306748467,17.08698339519358,17.529738836885365,163
185,D4,True,barber_jkp_exact,20,0.1,0.9815950920245399,15.417443206844569,16.358705371849467,163
186,D1,False,practical_fullfit_plus_loo_quantile,20,0.1,0.8400435255712732,43.35610853943945,115.69277251486736,919
186,D1,True,barber_jkp_exact,20,0.1,0.8803046789989118,53.1579378441185,97.80186640430423,919
186,D2,False,practical_fullfit_plus_loo_quantile,20,0.1,0.7469879518072289,9.558992188964098,21.359942310228163,83
186,D2,True,barber_jkp_exact,20,0.1,0.8313253012048193,11.23657811215937,19.095254878324184,83
186,D4,False,practical_fullfit_plus_loo_quantile,20,0.1,1.0,27.527419282885894,27.527419282885894,163
186,D4,True,barber_jkp_exact,20,0.1,0.9938650306748467,24.200571307351723,24.592151108806693,163
187,D1,False,practical_fullfit_plus_loo_quantile,20,0.1,0.9836779107725789,71.33878619026576,74.65808805310398,919
187,D1,True,barber_jkp_exact,20,0.1,0.9608269858541894,56.08897532313465,62.67180136091777,919
187,D2,False,practical_fullfit_plus_loo_quantile,20,0.1,0.963855421686747,16.61058705378475,17.925362428587626,83
187,D2,True,barber_jkp_exact,20,0.1,0.9518072289156626,16.768370992385353,17.815505178091108,83
187,D4,False,practical_fullfit_plus_loo_quantile,20,0.1,0.9938650306748467,21.174873519124812,21.2134013310381,163
187,D4,True,barber_jkp_exact,20,0.1,0.9877300613496932,18.284132427821756,18.37082687976997,163
188,D1,False,practical_fullfit_plus_loo_quantile,20,0.1,0.8726877040261154,54.81302126099217,193.54333359282322,919
188,D1,True,barber_jkp_exact,20,0.1,0.8955386289445049,71.359026967175,162.87150740817592,919
188,D2,False,practical_fullfit_plus_loo_quantile,20,0.1,0.6746987951807228,9.897130696427253,37.86359954694955,83
188,D2,True,barber_jkp_exact,20,0.1,0.7228915662650602,10.808421885468919,38.00528749422331,83
188,D4,False,practical_fullfit_plus_loo_quantile,20,0.1,0.6809815950920245,7.653073220989682,26.60389133240372,163
188,D4,True,barber_jkp_exact,20,0.1,0.7668711656441718,9.681634362258967,21.37389438671771,163
189,D1,False,practical_fullfit_plus_loo_quantile,20,0.1,0.9292709466811752,45.525971603562496,57.630695760310374,919
189,D1,True,barber_jkp_exact,20,0.1,0.940152339499456,46.6260434498317,58.07125778171343,919
189,D2,False,practical_fullfit_plus_loo_quantile,20,0.1,0.7108433734939759,7.883824634403199,21.176847239072234,83
189,D2,True,barber_jkp_exact,20,0.1,0.8192771084337349,9.177570511334528,18.020690557426022,83
189,D4,False,practical_fullfit_plus_loo_quantile,20,0.1,0.9815950920245399,15.025148140830302,16.079787249504438,163
189,D4,True,barber_jkp_exact,20,0.1,0.9631901840490797,13.529537861634047,14.954196124318095,163
190,D1,False,practical_fullfit_plus_loo_quantile,20,0.1,0.5625680087051143,26.45067172441742,154.96196239795066,919
190,D1,True,barber_jkp_exact,20,0.1,0.5669205658324266,27.431433268035565,151.2268845868595,919
190,D2,False,practical_fullfit_plus_loo_quantile,20,0.1,0.963855421686747,12.41036326917326,14.726157852598286,83
190,D2,True,barber_jkp_exact,20,0.1,0.927710843373494,10.975733728892049,13.927083055916825,83
190,D4,False,practical_fullfit_plus_loo_quantile,20,0.1,1.0,19.234894611464128,19.234894611464128,163
190,D4,True,barber_jkp_exact,20,0.1,0.9754601226993865,20.892522873237304,21.408158376211222,163
191,D1,False,practical_fullfit_plus_loo_quantile,20,0.1,0.9488574537540805,57.55325518871575,66.70893256119815,919
191,D1,True,barber_jkp_exact,20,0.1,0.9477693144722524,58.81017568062668,69.33026885047788,919
191,D2,False,practical_fullfit_plus_loo_quantile,20,0.1,0.963855421686747,13.548268266062879,14.620572239007737,83
191,D2,True,barber_jkp_exact,20,0.1,0.9759036144578314,15.099500875385667,15.403604763433723,83
191,D4,False,practical_fullfit_plus_loo_quantile,20,0.1,0.7423312883435583,7.616690921180079,19.30393873522619,163
191,D4,True,barber_jkp_exact,20,0.1,0.7484662576687117,7.872851899430874,18.552130073958708,163
