seed,fold,method,K,alpha,coverage,width,winkler,n_eval
142,D1,AdaptiveJackknifeCP,20,0.1,0.984766050054407,59.25546203457835,61.220827831474395,919
142,D1,StackedOnlyCP,20,0.1,0.984766050054407,59.25546203457835,61.220827831474395,919
142,D2,AdaptiveJackknifeCP,20,0.1,1.0,19.508564454350346,19.508564454350346,83
142,D2,StackedOnlyCP,20,0.1,1.0,19.508564454350346,19.508564454350346,83
142,D4,AdaptiveJackknifeCP,20,0.1,0.9202453987730062,12.858399978264808,15.51348739701467,163
142,D4,StackedOnlyCP,20,0.1,0.9202453987730062,12.858399978264808,15.51348739701467,163
143,D1,AdaptiveJackknifeCP,20,0.1,0.9336235038084875,50.489776865735614,69.51561419978144,919
143,D1,StackedOnlyCP,20,0.1,0.9336235038084875,50.489776865735614,69.51561419978144,919
143,D2,AdaptiveJackknifeCP,20,0.1,0.9879518072289156,11.908772952545592,13.557356523239621,83
143,D2,StackedOnlyCP,20,0.1,0.9879518072289156,11.908772952545592,13.557356523239621,83
143,D4,AdaptiveJackknifeCP,20,0.1,0.8957055214723927,11.811051521668608,17.917741582064842,163
143,D4,StackedOnlyCP,20,0.1,0.8957055214723927,11.811051521668608,17.917741582064842,163
144,D1,AdaptiveJackknifeCP,20,0.1,0.8715995647442872,35.69933306372207,52.212474080296985,919
144,D1,StackedOnlyCP,20,0.1,0.8715995647442872,35.69933306372207,52.212474080296985,919
144,D2,AdaptiveJackknifeCP,20,0.1,0.6626506024096386,6.364817953441372,26.69960620419182,83
144,D2,StackedOnlyCP,20,0.1,0.6626506024096386,6.364817953441372,26.69960620419182,83
144,D4,AdaptiveJackknifeCP,20,0.1,0.8588957055214724,10.480592438979142,15.62488300630092,163
144,D4,StackedOnlyCP,20,0.1,0.8588957055214724,10.480592438979142,15.62488300630092,163
145,D1,AdaptiveJackknifeCP,20,0.1,1.0,156.55943609901848,156.55943609901848,919
145,D1,StackedOnlyCP,20,0.1,1.0,156.55943609901848,156.55943609901848,919
145,D2,AdaptiveJackknifeCP,20,0.1,0.6867469879518072,9.5134754230528,27.510681962224417,83
145,D2,StackedOnlyCP,20,0.1,0.6867469879518072,9.5134754230528,27.510681962224417,83
145,D4,AdaptiveJackknifeCP,20,0.1,0.950920245398773,16.886053453252362,17.70817393945527,163
145,D4,StackedOnlyCP,20,0.1,0.950920245398773,16.886053453252362,17.70817393945527,163
146,D1,AdaptiveJackknifeCP,20,0.1,0.9945593035908596,63.133384641142364,64.31031892845701,919
146,D1,StackedOnlyCP,20,0.1,0.9945593035908596,63.133384641142364,64.31031892845701,919
146,D2,AdaptiveJackknifeCP,20,0.1,1.0,20.987921753045075,20.987921753045075,83
146,D2,StackedOnlyCP,20,0.1,1.0,20.987921753045075,20.987921753045075,83
146,D4,AdaptiveJackknifeCP,20,0.1,0.8895705521472392,12.034393689296818,16.39131718334797,163
146,D4,StackedOnlyCP,20,0.1,0.8895705521472392,12.034393689296818,16.39131718334797,163
147,D1,AdaptiveJackknifeCP,20,0.1,0.9499455930359086,53.491334083546505,57.769837948599864,919
147,D1,StackedOnlyCP,20,0.1,0.9499455930359086,53.491334083546505,57.769837948599864,919
147,D2,AdaptiveJackknifeCP,20,0.1,0.8433734939759037,8.524097146221532,13.894732595849195,83
147,D2,StackedOnlyCP,20,0.1,0.8433734939759037,8.524097146221532,13.894732595849195,83
147,D4,AdaptiveJackknifeCP,20,0.1,0.9631901840490797,18.561988598064,20.686650887508165,163
147,D4,StackedOnlyCP,20,0.1,0.9631901840490797,18.561988598064,20.686650887508165,163
148,D1,AdaptiveJackknifeCP,20,0.1,0.984766050054407,68.53945468043169,69.92545562249342,919
148,D1,StackedOnlyCP,20,0.1,0.984766050054407,68.53945468043169,69.92545562249342,919
148,D2,AdaptiveJackknifeCP,20,0.1,0.7831325301204819,11.719799951466884,21.404760777985963,83
148,D2,StackedOnlyCP,20,0.1,0.7831325301204819,11.719799951466884,21.404760777985963,83
148,D4,AdaptiveJackknifeCP,20,0.1,1.0,27.2489420453737,27.2489420453737,163
148,D4,StackedOnlyCP,20,0.1,1.0,27.2489420453737,27.2489420453737,163
149,D1,AdaptiveJackknifeCP,20,0.1,1.0,111.55955277936927,111.55955277936927,919
149,D1,StackedOnlyCP,20,0.1,1.0,111.55955277936927,111.55955277936927,919
149,D2,AdaptiveJackknifeCP,20,0.1,0.9397590361445783,13.26103653646862,15.303269469500538,83
149,D2,StackedOnlyCP,20,0.1,0.9397590361445783,13.26103653646862,15.303269469500538,83
149,D4,AdaptiveJackknifeCP,20,0.1,0.9938650306748467,19.325439543371246,19.64419522934235,163
149,D4,StackedOnlyCP,20,0.1,0.9938650306748467,19.325439543371246,19.64419522934235,163
150,D1,AdaptiveJackknifeCP,20,0.1,0.9945593035908596,76.47373633235944,77.08672207227333,919
150,D1,StackedOnlyCP,20,0.1,0.9945593035908596,76.47373633235944,77.08672207227333,919
150,D2,AdaptiveJackknifeCP,20,0.1,0.9518072289156626,11.319615325891645,12.645125723588798,83
150,D2,StackedOnlyCP,20,0.1,0.9518072289156626,11.319615325891645,12.645125723588798,83
150,D4,AdaptiveJackknifeCP,20,0.1,1.0,27.135908954559618,27.135908954559618,163
150,D4,StackedOnlyCP,20,0.1,1.0,27.135908954559618,27.135908954559618,163
151,D1,AdaptiveJackknifeCP,20,0.1,0.985854189336235,64.23190441545174,65.83233355833137,919
151,D1,StackedOnlyCP,20,0.1,0.985854189336235,64.23190441545174,65.83233355833137,919
151,D2,AdaptiveJackknifeCP,20,0.1,1.0,24.257710614076586,24.257710614076586,83
151,D2,StackedOnlyCP,20,0.1,1.0,24.257710614076586,24.257710614076586,83
151,D4,AdaptiveJackknifeCP,20,0.1,0.8159509202453987,8.941119955605544,14.592068065500708,163
151,D4,StackedOnlyCP,20,0.1,0.8159509202453987,8.941119955605544,14.592068065500708,163
152,D1,AdaptiveJackknifeCP,20,0.1,0.9216539717083787,59.58226458545484,94.65960831328478,919
152,D1,StackedOnlyCP,20,0.1,0.9216539717083787,59.58226458545484,94.65960831328478,919
152,D2,AdaptiveJackknifeCP,20,0.1,1.0,30.235744437423023,30.235744437423023,83
152,D2,StackedOnlyCP,20,0.1,1.0,30.235744437423023,30.235744437423023,83
152,D4,AdaptiveJackknifeCP,20,0.1,0.9815950920245399,16.764402390897605,17.919163996175875,163
152,D4,StackedOnlyCP,20,0.1,0.9815950920245399,16.764402390897605,17.919163996175875,163
153,D1,AdaptiveJackknifeCP,20,0.1,0.8226332970620239,39.65520141337823,67.47066381658247,919
153,D1,StackedOnlyCP,20,0.1,0.8226332970620239,39.65520141337823,67.47066381658247,919
153,D2,AdaptiveJackknifeCP,20,0.1,1.0,19.981496770810846,19.981496770810846,83
153,D2,StackedOnlyCP,20,0.1,1.0,19.981496770810846,19.981496770810846,83
153,D4,AdaptiveJackknifeCP,20,0.1,0.9202453987730062,13.160053966630546,15.459889022450776,163
153,D4,StackedOnlyCP,20,0.1,0.9202453987730062,13.160053966630546,15.459889022450776,163
154,D1,AdaptiveJackknifeCP,20,0.1,0.998911860718172,83.15797915719851,83.21972030201974,919
154,D1,StackedOnlyCP,20,0.1,0.998911860718172,83.15797915719851,83.21972030201974,919
154,D2,AdaptiveJackknifeCP,20,0.1,0.963855421686747,13.518371609172114,15.331688336001163,83
154,D2,StackedOnlyCP,20,0.1,0.963855421686747,13.518371609172114,15.331688336001163,83
154,D4,AdaptiveJackknifeCP,20,0.1,0.9141104294478528,18.521105319994337,21.522671154837678,163
154,D4,StackedOnlyCP,20,0.1,0.9141104294478528,18.521105319994337,21.522671154837678,163
155,D1,AdaptiveJackknifeCP,20,0.1,0.9749727965179543,49.51044437785207,51.13599496057494,919
155,D1,StackedOnlyCP,20,0.1,0.9749727965179543,49.51044437785207,51.13599496057494,919
155,D2,AdaptiveJackknifeCP,20,0.1,0.963855421686747,14.558986544220433,15.819461016760684,83
155,D2,StackedOnlyCP,20,0.1,0.963855421686747,14.558986544220433,15.819461016760684,83
155,D4,AdaptiveJackknifeCP,20,0.1,0.950920245398773,18.89920936962586,19.523628612655173,163
155,D4,StackedOnlyCP,20,0.1,0.950920245398773,18.89920936962586,19.523628612655173,163
156,D1,AdaptiveJackknifeCP,20,0.1,0.8726877040261154,35.353218398466936,57.26625401632636,919
156,D1,StackedOnlyCP,20,0.1,0.8726877040261154,35.353218398466936,57.26625401632636,919
156,D2,AdaptiveJackknifeCP,20,0.1,0.8795180722891566,8.234860003749468,14.205533437214575,83
156,D2,StackedOnlyCP,20,0.1,0.8795180722891566,8.234860003749468,14.205533437214575,83
156,D4,AdaptiveJackknifeCP,20,0.1,0.9570552147239264,13.122440096561803,14.26855490082163,163
156,D4,StackedOnlyCP,20,0.1,0.9570552147239264,13.122440096561803,14.26855490082163,163
157,D1,AdaptiveJackknifeCP,20,0.1,0.984766050054407,67.72942582116676,69.67243945333925,919
157,D1,StackedOnlyCP,20,0.1,0.984766050054407,67.72942582116676,69.67243945333925,919
157,D2,AdaptiveJackknifeCP,20,0.1,0.9156626506024096,9.45333609992181,11.866134835339167,83
157,D2,StackedOnlyCP,20,0.1,0.9156626506024096,9.45333609992181,11.866134835339167,83
157,D4,AdaptiveJackknifeCP,20,0.1,0.9631901840490797,15.756511134206049,17.39292041400423,163
157,D4,StackedOnlyCP,20,0.1,0.9631901840490797,15.756511134206049,17.39292041400423,163
158,D1,AdaptiveJackknifeCP,20,0.1,0.941240478781284,43.678345802541344,49.7313925843717,919
158,D1,StackedOnlyCP,20,0.1,0.941240478781284,43.678345802541344,49.7313925843717,919
158,D2,AdaptiveJackknifeCP,20,0.1,0.891566265060241,12.38840004622403,14.533292841162332,83
158,D2,StackedOnlyCP,20,0.1,0.891566265060241,12.38840004622403,14.533292841162332,83
158,D4,AdaptiveJackknifeCP,20,0.1,0.8773006134969326,11.173523553094736,18.407148507981884,163
158,D4,StackedOnlyCP,20,0.1,0.8773006134969326,11.173523553094736,18.407148507981884,163
159,D1,AdaptiveJackknifeCP,20,0.1,0.9967355821545157,82.71465197836105,83.36907278544695,919
159,D1,StackedOnlyCP,20,0.1,0.9967355821545157,82.71465197836105,83.36907278544695,919
159,D2,AdaptiveJackknifeCP,20,0.1,1.0,23.179298742818663,23.179298742818663,83
159,D2,StackedOnlyCP,20,0.1,1.0,23.179298742818663,23.179298742818663,83
159,D4,AdaptiveJackknifeCP,20,0.1,0.9815950920245399,17.854023363427007,19.14338325447528,163
159,D4,StackedOnlyCP,20,0.1,0.9815950920245399,17.854023363427007,19.14338325447528,163
160,D1,AdaptiveJackknifeCP,20,0.1,0.7007616974972797,30.19371031430374,140.58182105027691,919
160,D1,StackedOnlyCP,20,0.1,0.7007616974972797,30.19371031430374,140.58182105027691,919
160,D2,AdaptiveJackknifeCP,20,0.1,1.0,24.55481989799122,24.55481989799122,83
160,D2,StackedOnlyCP,20,0.1,1.0,24.55481989799122,24.55481989799122,83
160,D4,AdaptiveJackknifeCP,20,0.1,0.9631901840490797,18.79980965713908,19.854084560805937,163
160,D4,StackedOnlyCP,20,0.1,0.9631901840490797,18.79980965713908,19.854084560805937,163
161,D1,AdaptiveJackknifeCP,20,0.1,0.9651795429815017,69.58870205609556,72.81220823679658,919
161,D1,StackedOnlyCP,20,0.1,0.9651795429815017,69.58870205609556,72.81220823679658,919
161,D2,AdaptiveJackknifeCP,20,0.1,1.0,18.062077630189734,18.062077630189734,83
161,D2,StackedOnlyCP,20,0.1,0.9879518072289156,16.90926174603511,16.969010979887468,83
161,D4,AdaptiveJackknifeCP,20,0.1,0.9815950920245399,18.127808698728497,19.4952694860281,163
161,D4,StackedOnlyCP,20,0.1,0.9815950920245399,18.127808698728497,19.4952694860281,163
162,D1,AdaptiveJackknifeCP,20,0.1,1.0,120.05177990479821,120.05177990479821,919
162,D1,StackedOnlyCP,20,0.1,1.0,120.05177990479821,120.05177990479821,919
162,D2,AdaptiveJackknifeCP,20,0.1,0.8433734939759037,11.182311089655473,16.0514646766062,83
162,D2,StackedOnlyCP,20,0.1,0.8433734939759037,11.182311089655473,16.0514646766062,83
162,D4,AdaptiveJackknifeCP,20,0.1,0.9570552147239264,14.821852732676263,16.382373117439755,163
162,D4,StackedOnlyCP,20,0.1,0.9570552147239264,14.821852732676263,16.382373117439755,163
163,D1,AdaptiveJackknifeCP,20,0.1,0.926006528835691,54.98330837584008,106.02193325793398,919
163,D1,StackedOnlyCP,20,0.1,0.926006528835691,54.98330837584008,106.02193325793398,919
163,D2,AdaptiveJackknifeCP,20,0.1,0.9036144578313253,8.925386389540035,14.268659711436717,83
163,D2,StackedOnlyCP,20,0.1,0.9036144578313253,8.925386389540035,14.268659711436717,83
163,D4,AdaptiveJackknifeCP,20,0.1,0.9447852760736196,12.021141481694073,13.795005978750709,163
163,D4,StackedOnlyCP,20,0.1,0.9447852760736196,12.021141481694073,13.795005978750709,163
164,D1,AdaptiveJackknifeCP,20,0.1,0.8792165397170838,39.096521486898396,66.37709564547346,919
164,D1,StackedOnlyCP,20,0.1,0.8792165397170838,39.096521486898396,66.37709564547346,919
164,D2,AdaptiveJackknifeCP,20,0.1,0.9759036144578314,13.80003957054008,14.333718053474593,83
164,D2,StackedOnlyCP,20,0.1,0.9759036144578314,13.80003957054008,14.333718053474593,83
164,D4,AdaptiveJackknifeCP,20,0.1,0.8404907975460123,12.219002912475094,18.129271446654855,163
164,D4,StackedOnlyCP,20,0.1,0.8404907975460123,12.219002912475094,18.129271446654855,163
165,D1,AdaptiveJackknifeCP,20,0.1,0.9020674646354734,49.86196690848702,134.87551492761014,919
165,D1,StackedOnlyCP,20,0.1,0.9020674646354734,49.86196690848702,134.87551492761014,919
165,D2,AdaptiveJackknifeCP,20,0.1,0.963855421686747,18.02137692512902,19.254253452379395,83
165,D2,StackedOnlyCP,20,0.1,0.963855421686747,18.02137692512902,19.254253452379395,83
165,D4,AdaptiveJackknifeCP,20,0.1,0.9754601226993865,16.50331003504134,17.08507029333322,163
165,D4,StackedOnlyCP,20,0.1,0.9754601226993865,16.50331003504134,17.08507029333322,163
166,D1,AdaptiveJackknifeCP,20,0.1,0.7845484221980413,47.578606542092054,109.22157006951053,919
166,D1,StackedOnlyCP,20,0.1,0.7845484221980413,47.578606542092054,109.22157006951053,919
166,D2,AdaptiveJackknifeCP,20,0.1,0.9036144578313253,10.622328644557797,15.000931395444246,83
166,D2,StackedOnlyCP,20,0.1,0.9036144578313253,10.622328644557797,15.000931395444246,83
166,D4,AdaptiveJackknifeCP,20,0.1,0.9754601226993865,15.724229127073343,16.332521675358556,163
166,D4,StackedOnlyCP,20,0.1,0.9754601226993865,15.724229127073343,16.332521675358556,163
167,D1,AdaptiveJackknifeCP,20,0.1,0.9793253536452666,48.345428524669956,49.528898328214744,919
167,D1,StackedOnlyCP,20,0.1,0.9793253536452666,48.345428524669956,49.528898328214744,919
167,D2,AdaptiveJackknifeCP,20,0.1,1.0,20.300971047312498,20.300971047312498,83
167,D2,StackedOnlyCP,20,0.1,1.0,20.300971047312498,20.300971047312498,83
167,D4,AdaptiveJackknifeCP,20,0.1,0.950920245398773,14.124326679251158,15.427937572938639,163
167,D4,StackedOnlyCP,20,0.1,0.950920245398773,14.124326679251158,15.427937572938639,163
168,D1,AdaptiveJackknifeCP,20,0.1,1.0,119.18772089419734,119.18772089419734,919
168,D1,StackedOnlyCP,20,0.1,1.0,119.18772089419734,119.18772089419734,919
168,D2,AdaptiveJackknifeCP,20,0.1,0.8433734939759037,9.624131465431942,15.010562827562005,83
168,D2,StackedOnlyCP,20,0.1,0.8433734939759037,9.624131465431942,15.010562827562005,83
168,D4,AdaptiveJackknifeCP,20,0.1,0.8773006134969326,12.750038437230145,20.672644629927188,163
168,D4,StackedOnlyCP,20,0.1,0.8773006134969326,12.750038437230145,20.672644629927188,163
169,D1,AdaptiveJackknifeCP,20,0.1,0.9956474428726877,84.82878003596171,85.24830052517859,919
169,D1,StackedOnlyCP,20,0.1,0.9956474428726877,84.82878003596171,85.24830052517859,919
169,D2,AdaptiveJackknifeCP,20,0.1,0.9879518072289156,16.71252466474293,18.02354569314927,83
169,D2,StackedOnlyCP,20,0.1,0.9879518072289156,16.71252466474293,18.02354569314927,83
169,D4,AdaptiveJackknifeCP,20,0.1,0.8588957055214724,11.163979911812962,16.981448157736764,163
169,D4,StackedOnlyCP,20,0.1,0.8588957055214724,11.163979911812962,16.981448157736764,163
170,D1,AdaptiveJackknifeCP,20,0.1,0.9673558215451578,55.385863195036286,58.34685658534026,919
170,D1,StackedOnlyCP,20,0.1,0.9673558215451578,55.385863195036286,58.34685658534026,919
170,D2,AdaptiveJackknifeCP,20,0.1,0.9397590361445783,17.30037630430078,20.14600836680136,83
170,D2,StackedOnlyCP,20,0.1,0.9397590361445783,17.30037630430078,20.14600836680136,83
170,D4,AdaptiveJackknifeCP,20,0.1,0.9141104294478528,13.490241414470601,16.44563088501251,163
170,D4,StackedOnlyCP,20,0.1,0.9141104294478528,13.490241414470601,16.44563088501251,163
171,D1,AdaptiveJackknifeCP,20,0.1,0.9270946681175191,66.40302966428385,87.41230549321492,919
171,D1,StackedOnlyCP,20,0.1,0.9270946681175191,66.40302966428385,87.41230549321492,919
171,D2,AdaptiveJackknifeCP,20,0.1,0.8433734939759037,10.644961781109107,17.441329016516317,83
171,D2,StackedOnlyCP,20,0.1,0.8433734939759037,10.644961781109107,17.441329016516317,83
171,D4,AdaptiveJackknifeCP,20,0.1,0.9263803680981595,14.277314810870449,16.82305790405202,163
171,D4,StackedOnlyCP,20,0.1,0.9263803680981595,14.277314810870449,16.82305790405202,163
172,D1,AdaptiveJackknifeCP,20,0.1,0.9042437431991295,44.786166247694716,72.11222145299907,919
172,D1,StackedOnlyCP,20,0.1,0.9042437431991295,44.786166247694716,72.11222145299907,919
172,D2,AdaptiveJackknifeCP,20,0.1,0.8674698795180723,10.21341184491132,18.437686228305676,83
172,D2,StackedOnlyCP,20,0.1,0.8674698795180723,10.21341184491132,18.437686228305676,83
172,D4,AdaptiveJackknifeCP,20,0.1,0.8404907975460123,10.213606012134893,15.491777991035786,163
172,D4,StackedOnlyCP,20,0.1,0.8404907975460123,10.213606012134893,15.491777991035786,163
173,D1,AdaptiveJackknifeCP,20,0.1,0.970620239390642,52.04251605358674,54.78092435535673,919
173,D1,StackedOnlyCP,20,0.1,0.970620239390642,52.04251605358674,54.78092435535673,919
173,D2,AdaptiveJackknifeCP,20,0.1,0.9879518072289156,18.523496997473806,18.52473374368525,83
173,D2,StackedOnlyCP,20,0.1,0.9879518072289156,18.523496997473806,18.52473374368525,83
173,D4,AdaptiveJackknifeCP,20,0.1,0.9570552147239264,16.87470559023931,18.33335103223064,163
173,D4,StackedOnlyCP,20,0.1,0.9570552147239264,16.87470559023931,18.33335103223064,163
174,D1,AdaptiveJackknifeCP,20,0.1,1.0,72.92647712968193,72.92647712968193,919
174,D1,StackedOnlyCP,20,0.1,1.0,72.92647712968193,72.92647712968193,919
174,D2,AdaptiveJackknifeCP,20,0.1,0.8072289156626506,13.142375707163328,26.944534739715316,83
174,D2,StackedOnlyCP,20,0.1,0.8072289156626506,13.142375707163328,26.944534739715316,83
174,D4,AdaptiveJackknifeCP,20,0.1,0.9877300613496932,16.71398933549162,17.040691316505537,163
174,D4,StackedOnlyCP,20,0.1,0.9877300613496932,16.71398933549162,17.040691316505537,163
175,D1,AdaptiveJackknifeCP,20,0.1,0.8922742110990207,41.16602420570086,55.537829731499805,919
175,D1,StackedOnlyCP,20,0.1,0.8922742110990207,41.16602420570086,55.537829731499805,919
175,D2,AdaptiveJackknifeCP,20,0.1,0.9759036144578314,14.625826153497856,15.776266135243961,83
175,D2,StackedOnlyCP,20,0.1,0.9759036144578314,14.625826153497856,15.776266135243961,83
175,D4,AdaptiveJackknifeCP,20,0.1,0.8957055214723927,11.557877763117665,15.373020557508548,163
175,D4,StackedOnlyCP,20,0.1,0.8957055214723927,11.557877763117665,15.373020557508548,163
176,D1,AdaptiveJackknifeCP,20,0.1,0.9162132752992383,71.73980717341443,135.4142934263533,919
176,D1,StackedOnlyCP,20,0.1,0.9162132752992383,71.73980717341443,135.4142934263533,919
176,D2,AdaptiveJackknifeCP,20,0.1,0.9759036144578314,22.71316699244906,23.326850670620296,83
176,D2,StackedOnlyCP,20,0.1,0.9759036144578314,22.71316699244906,23.326850670620296,83
176,D4,AdaptiveJackknifeCP,20,0.1,0.9570552147239264,15.8196682711814,17.5119940091849,163
176,D4,StackedOnlyCP,20,0.1,0.9570552147239264,15.8196682711814,17.5119940091849,163
177,D1,AdaptiveJackknifeCP,20,0.1,0.8204570184983678,27.973183682099037,50.233486780972285,919
177,D1,StackedOnlyCP,20,0.1,0.8204570184983678,27.973183682099037,50.233486780972285,919
177,D2,AdaptiveJackknifeCP,20,0.1,1.0,26.62332183125004,26.62332183125004,83
177,D2,StackedOnlyCP,20,0.1,1.0,26.62332183125004,26.62332183125004,83
177,D4,AdaptiveJackknifeCP,20,0.1,0.9877300613496932,18.902014843426688,19.19952351939656,163
177,D4,StackedOnlyCP,20,0.1,0.9877300613496932,18.902014843426688,19.19952351939656,163
178,D1,AdaptiveJackknifeCP,20,0.1,0.6224156692056583,22.04311169542131,77.52844112397788,919
178,D1,StackedOnlyCP,20,0.1,0.6224156692056583,22.04311169542131,77.52844112397788,919
178,D2,AdaptiveJackknifeCP,20,0.1,0.7951807228915663,12.30316463092567,25.998634783455678,83
178,D2,StackedOnlyCP,20,0.1,0.7951807228915663,12.30316463092567,25.998634783455678,83
178,D4,AdaptiveJackknifeCP,20,0.1,0.9570552147239264,17.192805092497895,18.290280085647826,163
178,D4,StackedOnlyCP,20,0.1,0.9570552147239264,17.192805092497895,18.290280085647826,163
179,D1,AdaptiveJackknifeCP,20,0.1,0.9477693144722524,50.83281034982407,57.846616411649315,919
179,D1,StackedOnlyCP,20,0.1,0.9477693144722524,50.83281034982407,57.846616411649315,919
179,D2,AdaptiveJackknifeCP,20,0.1,0.9518072289156626,15.411358777905207,17.015530977575455,83
179,D2,StackedOnlyCP,20,0.1,0.9518072289156626,15.411358777905207,17.015530977575455,83
179,D4,AdaptiveJackknifeCP,20,0.1,0.9447852760736196,15.295054426311,17.16649017053343,163
179,D4,StackedOnlyCP,20,0.1,0.9447852760736196,15.295054426311,17.16649017053343,163
180,D1,AdaptiveJackknifeCP,20,0.1,0.8803046789989118,43.68467175770684,79.12331889375598,919
180,D1,StackedOnlyCP,20,0.1,0.8803046789989118,43.68467175770684,79.12331889375598,919
180,D2,AdaptiveJackknifeCP,20,0.1,0.963855421686747,13.990706143535736,15.107455218682237,83
180,D2,StackedOnlyCP,20,0.1,0.963855421686747,13.990706143535736,15.107455218682237,83
180,D4,AdaptiveJackknifeCP,20,0.1,0.9815950920245399,18.823863175920827,19.484527176813128,163
180,D4,StackedOnlyCP,20,0.1,0.9815950920245399,18.823863175920827,19.484527176813128,163
181,D1,AdaptiveJackknifeCP,20,0.1,0.9956474428726877,73.20144517841729,73.43005612157533,919
181,D1,StackedOnlyCP,20,0.1,0.9956474428726877,73.20144517841729,73.43005612157533,919
181,D2,AdaptiveJackknifeCP,20,0.1,0.927710843373494,11.436504516329707,13.919784531396559,83
181,D2,StackedOnlyCP,20,0.1,0.927710843373494,11.436504516329707,13.919784531396559,83
181,D4,AdaptiveJackknifeCP,20,0.1,0.9447852760736196,14.413148338934139,16.32826643206307,163
181,D4,StackedOnlyCP,20,0.1,0.9447852760736196,14.413148338934139,16.32826643206307,163
182,D1,AdaptiveJackknifeCP,20,0.1,0.9499455930359086,64.48266294287063,72.11093539709283,919
182,D1,StackedOnlyCP,20,0.1,0.9499455930359086,64.48266294287063,72.11093539709283,919
182,D2,AdaptiveJackknifeCP,20,0.1,0.9397590361445783,16.12980417893193,17.87863643763161,83
182,D2,StackedOnlyCP,20,0.1,0.9397590361445783,16.12980417893193,17.87863643763161,83
182,D4,AdaptiveJackknifeCP,20,0.1,0.9877300613496932,16.724606708763677,17.10922136991961,163
182,D4,StackedOnlyCP,20,0.1,0.9877300613496932,16.724606708763677,17.10922136991961,163
183,D1,AdaptiveJackknifeCP,20,0.1,0.9738846572361263,58.70807710579359,61.79781426704499,919
183,D1,StackedOnlyCP,20,0.1,0.9738846572361263,58.70807710579359,61.79781426704499,919
183,D2,AdaptiveJackknifeCP,20,0.1,0.9879518072289156,18.694272760663097,18.831774695632294,83
183,D2,StackedOnlyCP,20,0.1,0.9879518072289156,18.694272760663097,18.831774695632294,83
183,D4,AdaptiveJackknifeCP,20,0.1,0.8711656441717791,12.399413806828079,19.626027385145665,163
183,D4,StackedOnlyCP,20,0.1,0.8711656441717791,12.399413806828079,19.626027385145665,163
184,D1,AdaptiveJackknifeCP,20,0.1,0.9891186071817193,64.11767752522553,65.00947732493502,919
184,D1,StackedOnlyCP,20,0.1,0.9891186071817193,64.11767752522553,65.00947732493502,919
184,D2,AdaptiveJackknifeCP,20,0.1,0.8554216867469879,11.037293417467067,15.845869295763316,83
184,D2,StackedOnlyCP,20,0.1,0.8554216867469879,11.037293417467067,15.845869295763316,83
184,D4,AdaptiveJackknifeCP,20,0.1,0.8588957055214724,11.237394290279953,19.569961713710807,163
184,D4,StackedOnlyCP,20,0.1,0.8588957055214724,11.237394290279953,19.569961713710807,163
185,D1,AdaptiveJackknifeCP,20,0.1,0.8705114254624592,47.94642806732468,70.87420438368414,919
185,D1,StackedOnlyCP,20,0.1,0.8705114254624592,47.94642806732468,70.87420438368414,919
185,D2,AdaptiveJackknifeCP,20,0.1,0.8795180722891566,8.903483650974563,13.64794191248544,83
185,D2,StackedOnlyCP,20,0.1,0.8795180722891566,8.903483650974563,13.64794191248544,83
185,D4,AdaptiveJackknifeCP,20,0.1,0.9815950920245399,15.67656060379103,16.243442986669294,163
185,D4,StackedOnlyCP,20,0.1,0.9815950920245399,15.67656060379103,16.243442986669294,163
186,D1,AdaptiveJackknifeCP,20,0.1,0.8367791077257889,43.22623897362716,115.47105656773039,919
186,D1,StackedOnlyCP,20,0.1,0.8367791077257889,43.22623897362716,115.47105656773039,919
186,D2,AdaptiveJackknifeCP,20,0.1,0.8192771084337349,10.95750802079236,18.937536347014156,83
186,D2,StackedOnlyCP,20,0.1,0.8192771084337349,10.95750802079236,18.937536347014156,83
186,D4,AdaptiveJackknifeCP,20,0.1,1.0,26.681013133935668,26.681013133935668,163
186,D4,StackedOnlyCP,20,0.1,1.0,26.681013133935668,26.681013133935668,163
187,D1,AdaptiveJackknifeCP,20,0.1,0.9836779107725789,71.56721309847347,74.83476500503001,919
187,D1,StackedOnlyCP,20,0.1,0.9836779107725789,71.56721309847347,74.83476500503001,919
187,D2,AdaptiveJackknifeCP,20,0.1,0.963855421686747,16.672966640583027,17.937308061387345,83
187,D2,StackedOnlyCP,20,0.1,0.963855421686747,16.672966640583027,17.937308061387345,83
187,D4,AdaptiveJackknifeCP,20,0.1,0.9938650306748467,21.319786331475715,21.431465077768408,163
187,D4,StackedOnlyCP,20,0.1,0.9938650306748467,21.319786331475715,21.431465077768408,163
188,D1,AdaptiveJackknifeCP,20,0.1,0.8911860718171926,57.17767733421373,180.6193376288362,919
188,D1,StackedOnlyCP,20,0.1,0.8911860718171926,57.17767733421373,180.6193376288362,919
188,D2,AdaptiveJackknifeCP,20,0.1,0.6987951807228916,10.555312912861044,38.43650156731273,83
188,D2,StackedOnlyCP,20,0.1,0.6987951807228916,10.555312912861044,38.43650156731273,83
188,D4,AdaptiveJackknifeCP,20,0.1,0.6993865030674846,7.932758033687368,25.12998315039268,163
188,D4,StackedOnlyCP,20,0.1,0.6993865030674846,7.932758033687368,25.12998315039268,163
189,D1,AdaptiveJackknifeCP,20,0.1,0.9129488574537541,43.0391830136578,57.24372134322564,919
189,D1,StackedOnlyCP,20,0.1,0.9129488574537541,43.0391830136578,57.24372134322564,919
189,D2,AdaptiveJackknifeCP,20,0.1,0.8795180722891566,11.747599511385033,18.4251886822478,83
189,D2,StackedOnlyCP,20,0.1,0.8795180722891566,11.747599511385033,18.4251886822478,83
189,D4,AdaptiveJackknifeCP,20,0.1,0.9815950920245399,15.233924608432318,16.245091907043914,163
189,D4,StackedOnlyCP,20,0.1,0.9815950920245399,15.233924608432318,16.245091907043914,163
190,D1,AdaptiveJackknifeCP,20,0.1,0.47116430903155604,21.86857466111503,196.3472843022191,919
190,D1,StackedOnlyCP,20,0.1,0.47116430903155604,21.86857466111503,196.3472843022191,919
190,D2,AdaptiveJackknifeCP,20,0.1,0.891566265060241,12.745858886502246,15.7308883138011,83
190,D2,StackedOnlyCP,20,0.1,0.891566265060241,12.745858886502246,15.7308883138011,83
190,D4,AdaptiveJackknifeCP,20,0.1,1.0,19.232928769236963,19.232928769236963,163
190,D4,StackedOnlyCP,20,0.1,1.0,19.232928769236963,19.232928769236963,163
191,D1,AdaptiveJackknifeCP,20,0.1,0.9303590859630033,50.99579144168728,63.787951676599526,919
191,D1,StackedOnlyCP,20,0.1,0.9303590859630033,50.99579144168728,63.787951676599526,919
191,D2,AdaptiveJackknifeCP,20,0.1,0.927710843373494,11.453976606060223,13.97345678716167,83
191,D2,StackedOnlyCP,20,0.1,0.927710843373494,11.453976606060223,13.97345678716167,83
191,D4,AdaptiveJackknifeCP,20,0.1,0.7668711656441718,7.96606542559976,18.587687510523466,163
191,D4,StackedOnlyCP,20,0.1,0.7668711656441718,7.96606542559976,18.587687510523466,163
