method,alpha,nominal_coverage_baseline,empirical_coverage_baseline,coverage_error_baseline,mean_interval_width_baseline,normalized_width_baseline,winkler_score_baseline,rmse_baseline,mae_baseline,r_squared_baseline,inference_time_sec_baseline,fold,fold_idx_baseline,seed,K,nominal_coverage_fixed,empirical_coverage_fixed,coverage_error_fixed,mean_interval_width_fixed,normalized_width_fixed,winkler_score_fixed,rmse_fixed,mae_fixed,r_squared_fixed,inference_time_sec_fixed,fold_idx_fixed,empirical_coverage_delta,mean_interval_width_delta,winkler_score_delta
TargetOnlyCP,0.1,0.9,0.941240478781284,0.041240478781284,57.92021560909586,0.7588132530002324,68.46290868588932,15.19773749196928,11.815361526455046,0.1692439200736981,0.0,D1,0,42,20,0.9,0.941240478781284,0.041240478781284,57.92021560909586,0.7588132530002324,68.46290868588932,15.19773749196928,11.815361526455046,0.1692439200736981,0.0,0,0.0,0.0,0.0
AdaptiveSplitCP,0.1,0.9,0.6844396082698585,0.2155603917301415,30.07565847172413,0.3940214655808191,90.9454913905345,15.789288336798691,11.920164600422394,0.1033132296071114,0.0009984970092773,D1,0,42,20,0.9,0.7225244831338411,0.1774755168661589,34.319226160066705,0.4496164831071734,97.0126853748306,17.42656975271818,13.057441645975327,-0.0922938006614177,0.0009999275207519,0,0.0380848748639826,4.243567688342576,6.067193984296097
TargetOnlyCP,0.1,0.9,0.9397590361445785,0.0397590361445783,18.54699704732824,0.5230399617060869,20.33598354421956,4.65674598427373,3.760996947994607,0.6083407373072468,0.0,D2,1,42,20,0.9,0.9397590361445785,0.0397590361445783,18.54699704732824,0.5230399617060869,20.33598354421956,4.65674598427373,3.760996947994607,0.6083407373072468,0.0,1,0.0,0.0,0.0
AdaptiveSplitCP,0.1,0.9,0.891566265060241,0.008433734939759,37.04611262675582,1.0447296282094904,42.60543840762215,11.187970489470558,9.547708581943482,-1.260715588165052,0.0009996891021728,D2,1,42,20,0.9,0.891566265060241,0.008433734939759,32.53023383780896,0.9173782805593678,40.961269785005925,10.319162932901603,8.614436618974812,-0.923234513438138,0.0,1,0.0,-4.515878788946864,-1.6441686226162275
TargetOnlyCP,0.1,0.9,0.9693251533742332,0.069325153374233,39.36840161814724,0.6794304806031377,42.27403514054857,9.076871264883223,7.263850752326503,0.4847921086723274,0.0,D4,3,42,20,0.9,0.9693251533742332,0.069325153374233,39.36840161814724,0.6794304806031377,42.27403514054857,9.076871264883223,7.263850752326503,0.4847921086723274,0.0,3,0.0,0.0,0.0
AdaptiveSplitCP,0.1,0.9,0.9447852760736196,0.0447852760736195,22.59916887291224,0.3900225444122781,24.465939054315776,4.867636758959627,3.4576933476972984,0.8518347088958104,0.0009999275207519,D4,3,42,20,0.9,0.9447852760736196,0.0447852760736195,22.351616044617884,0.3857502110131703,24.11753517576421,4.77413164174848,3.4124107055893926,0.8574724123585477,0.001000165939331,3,0.0,-0.24755282829435643,-0.34840387855156507
TargetOnlyCP,0.1,0.9,0.9912948857453754,0.0912948857453753,241.8144926300952,3.1680137901010754,242.65423369540747,23.649052341286936,13.5884710872078,-1.040547679078176,0.0,D1,0,43,20,0.9,0.9912948857453754,0.0912948857453753,241.8144926300952,3.1680137901010754,242.65423369540747,23.649052341286936,13.5884710872078,-1.040547679078176,0.0009994506835937,0,0.0,0.0,0.0
AdaptiveSplitCP,0.1,0.9,0.997823721436344,0.0978237214363438,288.9077928040101,3.784983528968431,289.0516190229104,25.65907563477464,14.602924805523571,-1.402156375792272,0.0019998550415039,D1,0,43,20,0.9,0.997823721436344,0.0978237214363438,272.4768034125232,3.5697209927528624,272.614938589733,24.425571333160345,14.141048035408916,-1.176750855898586,0.001000165939331,0,0.0,-16.43098939148689,-16.4366804331774
TargetOnlyCP,0.1,0.9,0.9879518072289156,0.0879518072289156,29.515965838624545,0.8323735428736834,30.11250246871445,6.01945947252693,5.018796895460868,0.3179849057741993,0.0,D2,1,43,20,0.9,0.9879518072289156,0.0879518072289156,29.515965838624545,0.8323735428736834,30.11250246871445,6.01945947252693,5.018796895460868,0.3179849057741993,0.0,1,0.0,0.0,0.0
AdaptiveSplitCP,0.1,0.9,0.9156626506024096,0.0156626506024095,26.634102273172417,0.7511027147676648,34.037035063008965,7.740407356718416,6.087415877488259,-0.1277338877568041,0.0,D2,1,43,20,0.9,0.963855421686747,0.0638554216867469,36.42091850116002,1.0270986602055563,43.76499694308884,9.45454050504478,7.251904662461193,-0.6825185087898658,0.0,1,0.048192771084337394,9.7868162279876,9.727961880079874
TargetOnlyCP,0.1,0.9,0.9754601226993864,0.0754601226993865,38.09265410252157,0.6574132863040871,40.85525203775135,8.70356322414543,6.883181259560383,0.5334092668151873,0.0,D4,3,43,20,0.9,0.9754601226993864,0.0754601226993865,38.09265410252157,0.6574132863040871,40.85525203775135,8.70356322414543,6.883181259560383,0.5334092668151873,0.0,3,0.0,0.0,0.0
AdaptiveSplitCP,0.1,0.9,0.9263803680981596,0.0263803680981594,14.92580870872762,0.2575936275677164,16.5687671649989,3.597846461269287,2.7131849513909003,0.9202690050037884,0.001000165939331,D4,3,43,20,0.9,0.9263803680981596,0.0263803680981594,14.64301489347835,0.2527130957221503,16.453190772397058,3.586262518692359,2.716191333922916,0.9207815963146678,0.0010004043579101,3,0.0,-0.2827938152492706,-0.1155763926018416
TargetOnlyCP,0.1,0.9,0.9684439608269858,0.0684439608269857,73.51733746881179,0.9739975815987256,77.51072779748642,16.488980469416475,12.878922907245212,0.0102032927788133,0.0,D1,0,44,20,0.9,0.9684439608269858,0.0684439608269857,73.51733746881179,0.9739975815987256,77.51072779748642,16.488980469416475,12.878922907245212,0.0102032927788133,0.0,0,0.0,0.0,0.0
AdaptiveSplitCP,0.1,0.9,0.8835690968443961,0.0164309031556039,58.69340510245182,0.777602081275514,77.78728253984707,18.480458748880395,14.373566022849122,-0.2433227860269731,0.0019996166229248,D1,0,44,20,0.9,0.8563656147986942,0.0436343852013058,54.37995713662578,0.7204551818948228,77.04218462673164,18.08121109352295,14.074130730196678,-0.1901821443255411,0.0024454593658447,0,-0.027203482045701888,-4.313447965826043,-0.7450979131154298
TargetOnlyCP,0.1,0.9,1.0,0.0999999999999999,40.64916719041437,1.146338611927552,40.64916719041437,5.595126230926472,4.328538474358018,0.4939465520441484,0.0,D2,1,44,20,0.9,1.0,0.0999999999999999,40.64916719041437,1.146338611927552,40.64916719041437,5.595126230926472,4.328538474358018,0.4939465520441484,0.0,1,0.0,0.0,0.0
AdaptiveSplitCP,0.1,0.9,0.963855421686747,0.0638554216867469,34.621567088041104,0.9763555295622548,37.24548081440769,7.4910741183026595,5.743606991194157,0.0928798828936912,0.0,D2,1,44,20,0.9,0.963855421686747,0.0638554216867469,34.683590950292086,0.978104651452652,37.64300058044121,7.608793644515886,5.811037414374855,0.0641457391731252,0.0,1,0.0,0.062023862250981665,0.39751976603351835
TargetOnlyCP,0.1,0.9,0.8711656441717791,0.0288343558282209,27.426085324937056,0.4733267688672194,39.37602053384581,9.858522751606008,8.161138223395913,0.3928383879039117,0.0,D4,3,44,20,0.9,0.8711656441717791,0.0288343558282209,27.426085324937056,0.4733267688672194,39.37602053384581,9.858522751606008,8.161138223395913,0.3928383879039117,0.0,3,0.0,0.0,0.0
AdaptiveSplitCP,0.1,0.9,0.7730061349693251,0.1269938650306749,9.81946298042881,0.1694669373872194,21.6917691704692,4.227776296482613,3.2035350244593164,0.8883382015741123,0.001000165939331,D4,3,44,20,0.9,0.7668711656441718,0.1331288343558282,10.064092691139436,0.1736888228356068,22.426489874290112,4.347172779168399,3.283612180118702,0.8819422715748513,0.0010008811950683,3,-0.006134969325153339,0.2446297107106261,0.734720703820912
TargetOnlyCP,0.1,0.9,0.9194776931447224,0.0194776931447224,51.30212816166091,0.6721096312713195,62.41341066747569,15.308290211408242,12.216098326892991,0.1560972413217447,0.0,D1,0,45,20,0.9,0.9194776931447224,0.0194776931447224,51.30212816166091,0.6721096312713195,62.41341066747569,15.308290211408242,12.216098326892991,0.1560972413217447,0.0,0,0.0,0.0,0.0
AdaptiveSplitCP,0.1,0.9,0.719260065288357,0.180739934711643,30.48666589580275,0.3994060774506576,70.42505658583113,14.087980001674005,11.300923105450872,0.285279093897402,0.0010008811950683,D1,0,45,20,0.9,0.7529923830250272,0.1470076169749727,30.14784634168751,0.3949671994987271,57.338052567851975,12.51282293710622,10.068623421076374,0.4361681160373784,0.0019998550415039,0,0.03373231773667029,-0.3388195541152399,-13.087004017979154
TargetOnlyCP,0.1,0.9,0.9759036144578314,0.0759036144578313,32.286652317716985,0.7810027167369848,33.68984756737539,6.454668231923981,4.951669497687653,0.3028579620018752,0.0,D2,1,45,20,0.9,0.9759036144578314,0.0759036144578313,32.286652317716985,0.7810027167369848,33.68984756737539,6.454668231923981,4.951669497687653,0.3028579620018752,0.0,1,0.0,0.0,0.0
AdaptiveSplitCP,0.1,0.9,0.9036144578313252,0.0036144578313253,20.70307297593752,0.5008000234864421,25.58601865099922,5.762888074370697,4.357330874158171,0.4442828595133687,0.0,D2,1,45,20,0.9,0.9036144578313252,0.0036144578313253,19.381535144021736,0.4688324900661202,24.94539870777706,5.598563837721598,4.276853596655642,0.4755227052528531,0.0009996891021728,1,0.0,-1.3215378319157836,-0.6406199432221591
TargetOnlyCP,0.1,0.9,0.9141104294478528,0.0141104294478527,40.29748729849166,0.7050865805341433,45.61766131236786,11.663537465279031,9.610621894241802,0.1080702331610634,0.0,D4,3,45,20,0.9,0.9141104294478528,0.0141104294478527,40.29748729849166,0.7050865805341433,45.61766131236786,11.663537465279031,9.610621894241802,0.1080702331610634,0.0,3,0.0,0.0,0.0
AdaptiveSplitCP,0.1,0.9,0.6503067484662577,0.2496932515337423,14.998031955778686,0.2624211030358119,55.992432419896176,9.196824965524304,6.818045834570297,0.4454433433470189,0.001000165939331,D4,3,45,20,0.9,0.6932515337423313,0.2067484662576687,15.023797240846909,0.2628719191527245,45.46791291138471,8.034596587184986,6.091654098294732,0.5767487664196863,0.0,3,0.042944785276073594,0.025765285068223065,-10.524519508511467
TargetOnlyCP,0.1,0.9,0.9542981501632208,0.0542981501632208,107.69081005042185,1.4108582475607658,142.82947264638716,24.83271210683063,14.765861270618323,-1.221144023027616,0.0,D1,0,46,20,0.9,0.9542981501632208,0.0542981501632208,107.69081005042185,1.4108582475607658,142.82947264638716,24.83271210683063,14.765861270618323,-1.221144023027616,0.0009996891021728,0,0.0,0.0,0.0
AdaptiveSplitCP,0.1,0.9,0.9597388465723612,0.0597388465723612,125.8966243368672,1.6493727803009757,157.91649993468124,26.587060578850863,15.710504476303871,-1.5460625142845623,0.0029985904693603,D1,0,46,20,0.9,0.9586507072905333,0.0586507072905331,121.14169764791474,1.5870784440199657,152.7124571062271,25.991659529009432,15.456612212640284,-1.433304344310239,0.0,0,-0.0010881392818279378,-4.754926688952466,-5.204042828454135
TargetOnlyCP,0.1,0.9,0.927710843373494,0.0277108433734939,17.87847056526003,0.4324738887502489,23.666569541881977,5.239893857702244,4.029870806228547,0.571527650361074,0.0,D2,1,46,20,0.9,0.927710843373494,0.0277108433734939,17.87847056526003,0.4324738887502489,23.666569541881977,5.239893857702244,4.029870806228547,0.571527650361074,0.0,1,0.0,0.0,0.0
AdaptiveSplitCP,0.1,0.9,0.891566265060241,0.008433734939759,13.230403712654082,0.3200387931653046,22.84879290312651,4.939597597670577,3.6006985132535227,0.6192315439036191,0.0010008811950683,D2,1,46,20,0.9,0.8072289156626506,0.0927710843373493,12.187999578789404,0.2948234053178802,22.61450010321325,4.866881046760295,3.5883537733680506,0.6303597248753035,0.0009996891021728,1,-0.0843373493975903,-1.0424041338646788,-0.23429279991325913
TargetOnlyCP,0.1,0.9,0.9877300613496932,0.0877300613496931,56.88860724237722,0.9817989090447238,57.12019381814833,8.588017335267727,6.709172144886017,0.5143795155684978,0.0,D4,3,46,20,0.9,0.9877300613496932,0.0877300613496931,56.88860724237722,0.9817989090447238,57.12019381814833,8.588017335267727,6.709172144886017,0.5143795155684978,0.0,3,0.0,0.0,0.0
AdaptiveSplitCP,0.1,0.9,0.9877300613496932,0.0877300613496931,26.04152795189774,0.4494317047365718,26.12051510332755,5.665592663251769,4.579618363820109,0.788650187404081,0.0010015964508056,D4,3,46,20,0.9,0.9938650306748468,0.0938650306748466,27.498727478892143,0.4745804467292895,27.539559515732197,5.624858796293593,4.528613071792446,0.7916783425454699,0.0,3,0.006134969325153561,1.4571995269944011,1.4190444124046486
TargetOnlyCP,0.1,0.9,0.9477693144722524,0.0477693144722524,69.11918550789233,0.9055310559260712,90.63514261640596,18.09370388237681,12.889873400827916,-0.1841847947333352,0.0,D1,0,47,20,0.9,0.9477693144722524,0.0477693144722524,69.11918550789233,0.9055310559260712,90.63514261640596,18.09370388237681,12.889873400827916,-0.1841847947333352,0.0,0,0.0,0.0,0.0
AdaptiveSplitCP,0.1,0.9,0.9521218715995649,0.0521218715995647,71.65468454610887,0.9387486510771832,89.87905999838186,17.140473246494363,12.135334916865194,-0.0626986785133325,0.0019967555999755,D1,0,47,20,0.9,0.9532100108813928,0.0532100108813927,72.93203550884232,0.9554832372499344,91.46479226166582,17.33922827416342,12.21373617124717,-0.0874869443098744,0.001000165939331,0,0.0010881392818279378,1.2773509627334505,1.5857322632839583
TargetOnlyCP,0.1,0.9,0.927710843373494,0.0277108433734939,19.52335899461245,0.4722631589233144,24.40385183227305,5.626124275824021,4.259980201736262,0.4835029311999507,0.0,D2,1,47,20,0.9,0.927710843373494,0.0277108433734939,19.52335899461245,0.4722631589233144,24.40385183227305,5.626124275824021,4.259980201736262,0.4835029311999507,0.0,1,0.0,0.0,0.0
AdaptiveSplitCP,0.1,0.9,0.7228915662650602,0.1771084337349397,19.023514306279427,0.460172092445034,33.04440834858573,7.696359186791211,6.322757650009491,0.0334599045627769,0.0010054111480712,D2,1,47,20,0.9,0.891566265060241,0.008433734939759,21.422225477928297,0.5181960685231334,26.010703303730622,6.487127720495737,5.243713907923401,0.3133204465410056,0.0,1,0.1686746987951807,2.39871117164887,-7.033705044855111
TargetOnlyCP,0.1,0.9,0.9570552147239264,0.0570552147239263,38.243805672405855,0.6600219008159616,43.13531683380124,8.872808072845322,6.839206203472217,0.5104951825875734,0.0,D4,3,47,20,0.9,0.9570552147239264,0.0570552147239263,38.243805672405855,0.6600219008159616,43.13531683380124,8.872808072845322,6.839206203472217,0.5104951825875734,0.0,3,0.0,0.0,0.0
AdaptiveSplitCP,0.1,0.9,0.9141104294478528,0.0141104294478527,17.197827608534826,0.2968047418011134,23.496745203678174,4.629002926079202,3.196495642405897,0.8667676445417217,0.0010075569152832,D4,3,47,20,0.9,0.9141104294478528,0.0141104294478527,17.234923829151825,0.2974449583698945,23.47168811420152,4.621309718426224,3.193166171639637,0.8672101296525553,0.0009999275207519,3,0.0,0.037096220616998465,-0.02505708947665397
TargetOnlyCP,0.1,0.9,0.8182807399347116,0.0817192600652884,37.99342026976556,0.4977521323829168,63.41544492055903,14.39182419476836,11.266745671304442,0.2478327799393915,0.0,D1,0,48,20,0.9,0.8182807399347116,0.0817192600652884,37.99342026976556,0.4977521323829168,63.41544492055903,14.39182419476836,11.266745671304442,0.2478327799393915,0.0,0,0.0,0.0,0.0
AdaptiveSplitCP,0.1,0.9,0.7682263329706203,0.1317736670293797,32.44331327968064,0.4250401319983,63.08761502798112,13.413460008371755,10.61130193627687,0.3466222367384642,0.0019998550415039,D1,0,48,20,0.9,0.7921653971708379,0.1078346028291621,33.19840096467317,0.4349325423860061,59.67436768509896,13.100108032029894,10.37862151810457,0.3767927936599478,0.0009999275207519,0,0.02393906420021763,0.7550876849925316,-3.4132473428821655
TargetOnlyCP,0.1,0.9,0.8674698795180723,0.0325301204819277,17.039139887313738,0.4231224207370875,25.860332313924918,5.6461101809398695,4.225344692050808,0.4640967861088303,0.0,D2,1,48,20,0.9,0.8674698795180723,0.0325301204819277,17.039139887313738,0.4231224207370875,25.860332313924918,5.6461101809398695,4.225344692050808,0.4640967861088303,0.0,1,0.0,0.0,0.0
AdaptiveSplitCP,0.1,0.9,1.0,0.0999999999999999,57.35710997412287,1.424313631981121,57.35710997412287,7.569640832547581,5.863156436762932,0.0367517902303476,0.0,D2,1,48,20,0.9,1.0,0.0999999999999999,61.3422478741411,1.523274096322532,61.3422478741411,7.919223163823282,6.171103887255744,-0.0542723749058848,0.0,1,0.0,3.9851379000182305,3.9851379000182305
TargetOnlyCP,0.1,0.9,0.98159509202454,0.0815950920245398,44.87991813063935,0.7745497173264415,46.516775122491616,7.897339683604854,5.998464853759083,0.5850345156241874,0.0009999275207519,D4,3,48,20,0.9,0.98159509202454,0.0815950920245398,44.87991813063935,0.7745497173264415,46.516775122491616,7.897339683604854,5.998464853759083,0.5850345156241874,0.0009999275207519,3,0.0,0.0,0.0
AdaptiveSplitCP,0.1,0.9,0.950920245398773,0.0509202453987729,18.073886448038355,0.3119240012552777,20.06071134693681,4.372354859981952,3.2924426658075845,0.8728017483457489,0.0,D4,3,48,20,0.9,0.9447852760736196,0.0447852760736195,17.106810876659825,0.2952339505233631,19.92593759084834,4.404484512634429,3.3321791014874598,0.8709254818706579,0.0,3,-0.006134969325153339,-0.9670755713785297,-0.13477375608847098
TargetOnlyCP,0.1,0.9,0.8356909684439608,0.0643090315560391,41.13946769430221,0.5389685273013564,62.30994239591858,14.854996623497698,12.046779777203902,0.2014534586633545,0.0,D1,0,49,20,0.9,0.8356909684439608,0.0643090315560391,41.13946769430221,0.5389685273013564,62.30994239591858,14.854996623497698,12.046779777203902,0.2014534586633545,0.0,0,0.0,0.0,0.0
AdaptiveSplitCP,0.1,0.9,0.7007616974972797,0.1992383025027203,41.99816261393576,0.5502182969793472,93.09805035350742,18.89742005646799,15.39082786822001,-0.2922905000097604,0.0010006427764892,D1,0,49,20,0.9,0.7236126224156693,0.1763873775843307,43.32154258714503,0.5675559096222911,90.71590922800524,18.93214147418509,15.409829812910704,-0.2970436757882091,0.0009999275207519,0,0.02285092491838958,1.3233799732092706,-2.382141125502173
TargetOnlyCP,0.1,0.9,0.7710843373493976,0.1289156626506024,13.32824833012688,0.3309721461836891,26.964653725839508,5.4715191272049575,4.106494481841922,0.4818285791429675,0.0,D2,1,49,20,0.9,0.7710843373493976,0.1289156626506024,13.32824833012688,0.3309721461836891,26.964653725839508,5.4715191272049575,4.106494481841922,0.4818285791429675,0.0,1,0.0,0.0,0.0
AdaptiveSplitCP,0.1,0.9,0.9156626506024096,0.0156626506024095,17.433878536999686,0.4329247214469938,23.851475112815358,5.337610961320538,4.025263627548843,0.5068813299175379,0.001000165939331,D2,1,49,20,0.9,0.9397590361445785,0.0397590361445783,18.066695271337903,0.4486390679625407,24.27809495935416,5.158993209680146,3.766575943069577,0.5393325516089329,0.0,1,0.024096385542168863,0.632816734338217,0.42661984653880225
TargetOnlyCP,0.1,0.9,0.9877300613496932,0.0877300613496931,49.5864229673807,0.8557758456870641,49.95793489737002,11.00281400351945,8.73815318361449,0.1966727527267833,0.0009996891021728,D4,3,49,20,0.9,0.9877300613496932,0.0877300613496931,49.5864229673807,0.8557758456870641,49.95793489737002,11.00281400351945,8.73815318361449,0.1966727527267833,0.0,3,0.0,0.0,0.0
AdaptiveSplitCP,0.1,0.9,0.9938650306748468,0.0938650306748466,27.77766401440634,0.4793944086020729,27.81348860739513,5.511195119105757,4.577710963411372,0.798452911494254,0.0010004043579101,D4,3,49,20,0.9,0.9938650306748468,0.0938650306748466,27.875390712754605,0.4810810022888206,27.895047513947517,5.501611981644141,4.576554771239251,0.7991532221017521,0.0009994506835937,3,0.0,0.09772669834826431,0.08155890655238807
TargetOnlyCP,0.1,0.9,0.911860718171926,0.011860718171926,56.60318672050121,0.7415588459725616,91.47396870932064,19.701376596694857,14.37033278323641,-0.4009528667625543,0.0009992122650146,D1,0,50,20,0.9,0.911860718171926,0.011860718171926,56.60318672050121,0.7415588459725616,91.47396870932064,19.701376596694857,14.37033278323641,-0.4009528667625543,0.0,0,0.0,0.0,0.0
AdaptiveSplitCP,0.1,0.9,0.8389553862894451,0.0610446137105549,98.06547810304605,1.284756689246672,315.45660286797784,60.638220723590656,34.34270560355952,-12.271599818955966,0.0010042190551757,D1,0,50,20,0.9,0.8574537540805223,0.0425462459194777,113.29895629925385,1.4843306207835785,295.24241806509093,57.224638447143306,34.972867281339866,-10.819428931444712,0.001000165939331,0,0.018498367791077164,15.233478196207798,-20.214184802886905
TargetOnlyCP,0.1,0.9,0.8795180722891566,0.0204819277108434,15.337310316927317,0.3710041198165765,22.93357430215035,5.320477041158673,4.188397606184227,0.5139167039389738,0.0,D2,1,50,20,0.9,0.8795180722891566,0.0204819277108434,15.337310316927317,0.3710041198165765,22.93357430215035,5.320477041158673,4.188397606184227,0.5139167039389738,0.0,1,0.0,0.0,0.0
AdaptiveSplitCP,0.1,0.9,0.7469879518072289,0.1530120481927711,11.981910634722594,0.289838186546304,26.993344835765765,5.364902012209416,4.102743595712004,0.505765408455279,0.0,D2,1,50,20,0.9,0.7469879518072289,0.1530120481927711,11.335689506276454,0.2742063256781419,25.60657239792356,5.15792135773704,4.046198720630707,0.5431654071146371,0.0,1,0.0,-0.6462211284461397,-1.386772437842204
TargetOnlyCP,0.1,0.9,0.9877300613496932,0.0877300613496931,51.34025308840045,0.8860439183809635,51.48910695824501,8.851601702878401,6.908907413484461,0.4907010863538092,0.0,D4,3,50,20,0.9,0.9877300613496932,0.0877300613496931,51.34025308840045,0.8860439183809635,51.48910695824501,8.851601702878401,6.908907413484461,0.4907010863538092,0.0,3,0.0,0.0,0.0
AdaptiveSplitCP,0.1,0.9,0.901840490797546,0.001840490797546,11.90558416282849,0.2054697787345005,14.459893531310694,3.4498238971161617,2.732118389405074,0.9226388574987144,0.0009994506835937,D4,3,50,20,0.9,0.9447852760736196,0.0447852760736195,13.026403000470369,0.2248131721725781,14.46511027932514,3.4197722183311483,2.714046115574321,0.9239807847267106,0.0,3,0.042944785276073594,1.1208188376418793,0.005216748014445827
TargetOnlyCP,0.1,0.9,0.9270946681175192,0.027094668117519,69.72950507625592,0.9135268579473426,95.318124687219,19.819483552796047,13.55831056727798,-0.4286409053665259,0.0,D1,0,51,20,0.9,0.9270946681175192,0.027094668117519,69.72950507625592,0.9135268579473426,95.318124687219,19.819483552796047,13.55831056727798,-0.4286409053665259,0.0,0,0.0,0.0,0.0
AdaptiveSplitCP,0.1,0.9,0.9270946681175192,0.027094668117519,69.72950507625592,0.9135268579473426,95.318124687219,19.819483552796047,13.55831056727798,-0.4286409053665259,0.001000165939331,D1,0,51,20,0.9,0.9270946681175192,0.027094668117519,69.72950507625592,0.9135268579473426,95.318124687219,19.819483552796047,13.55831056727798,-0.4286409053665259,0.0009992122650146,0,0.0,0.0,0.0
TargetOnlyCP,0.1,0.9,0.8674698795180723,0.0325301204819277,15.319484895544038,0.3804192920720101,24.650420464836717,5.304459822204,3.9911655024773207,0.522523001163807,0.0,D2,1,51,20,0.9,0.8674698795180723,0.0325301204819277,15.319484895544038,0.3804192920720101,24.650420464836717,5.304459822204,3.9911655024773207,0.522523001163807,0.0010004043579101,1,0.0,0.0,0.0
AdaptiveSplitCP,0.1,0.9,0.8795180722891566,0.0204819277108434,16.492191812600797,0.409540397529312,22.836099881461998,5.485750585723239,4.2249127972304015,0.489327768386419,0.0,D2,1,51,20,0.9,0.9397590361445785,0.0397590361445783,18.93668977393133,0.4702431032835586,23.528684376084627,5.587400989849456,4.322183143804146,0.4702270157045898,0.0,1,0.06024096385542188,2.4444979613305335,0.6925844946226292
TargetOnlyCP,0.1,0.9,0.8220858895705522,0.0779141104294478,29.67450199503133,0.5121305494620121,55.05607040481071,11.251425029215742,8.156454330978498,0.2181383046149329,0.0,D4,3,51,20,0.9,0.8220858895705522,0.0779141104294478,29.67450199503133,0.5121305494620121,55.05607040481071,11.251425029215742,8.156454330978498,0.2181383046149329,0.0010020732879638,3,0.0,0.0,0.0
AdaptiveSplitCP,0.1,0.9,0.8895705521472392,0.0104294478527607,12.245961235701133,0.2113440979525189,19.68284414097397,3.993159569643043,2.8653923580988727,0.9015199623435336,0.0,D4,3,51,20,0.9,0.8895705521472392,0.0104294478527607,12.151339150454376,0.2097110845150305,20.033678046451893,4.017674779563676,2.843175733954556,0.9003070532748911,0.001000165939331,3,0.0,-0.09462208524675653,0.3508339054779235
