mix_ref,cement,slag,fly_ash,water,superplasticizer,coarse_agg,fine_agg,age,strength_mpa,strength_56d_mpa,w_b_ratio,sand_agg_ratio,agg_binder_ratio,slump_mm,static_yield_stress_pa,dynamic_yield_stress_pa,viscosity_pa_s,density_kg_m3,domain_id
1,328,0,0,254,0,930,853,28,39.41,,0.78,0.48,5.44,50,2952.25,,,2291.8,D3_zviazhynski
2,328,0,0,204,0,930,842,28,43.25,,0.62,0.48,5.40,90,2346.63,,,2304.3,D3_zviazhynski
3,416,0,0,233,0,640,1044,28,51.43,,0.56,0.62,4.05,40,3375.949,,,2299.3,D3_zviazhynski
4,416,0,0,274,0,640,1043,28,45.33,,0.66,0.62,4.05,205,405.69,279.82,2.36,2303.2,D3_zviazhynski
5,416,0,0,252,0,640,1044,28,47.46,,0.61,0.62,4.05,110,1443.111,832.19,4.95,2297.3,D3_zviazhynski
6,416,0,0,263,0,640,1044,28,44.49,,0.63,0.62,4.05,190,599.699,410.98,2.18,2298.7,D3_zviazhynski
7,416,0,0,271,0,640,1044,28,38.55,42.23,0.65,0.62,4.04,225,283.549,249.95,1.36,2259.5,D3_zviazhynski
8,334,84,0,271,0,640,1044,28,39.70,43.04,0.65,0.62,4.03,230,262.717,202.15,2.86,2272.8,D3_zviazhynski
9,416,0,0,256,0,640,1044,28,37.33,,0.62,0.62,4.04,240,127.604,117.65,2.28,2240.3,D3_zviazhynski
10,415,0,0,247,0,700,930,28,44.13,,0.59,0.57,3.92,165,898.583,546.06,2.23,2290.7,D3_zviazhynski
11,416,0,0,215,0,700,929,28,51.37,,0.52,0.57,3.92,100,1823.979,986.12,2.71,2307.2,D3_zviazhynski
12,391,0,0,196,0,883,883,28,48.23,50.40,0.50,0.50,4.51,80,2542.871,941.64,9.57,2309.3,D3_zviazhynski
13,382,0,0,229,0,860,860,28,41.91,46.10,0.60,0.50,4.50,205,594.706,372.11,4.57,2289.8,D3_zviazhynski
14,375,0,0,225,0,844,844,28,43.52,46.34,0.60,0.50,4.50,170,1083.779,572.18,4.75,2290.3,D3_zviazhynski
15,113,263,0,225,0,846,846,28,27.34,29.50,0.60,0.50,4.51,70,3240.215,,12.84,2266.2,D3_zviazhynski
16,113,263,0,244,0,844,844,28,24.49,25.72,0.65,0.50,4.50,125,1388.167,655.28,6.2,2260.7,D3_zviazhynski
17,375,0,0,244,0,844,844,28,36.79,41.95,0.65,0.50,4.50,240,155.784,106.35,3.73,2301.7,D3_zviazhynski
18,375,0,0,233,0,846,846,28,39.61,43.55,0.62,0.50,4.51,230,314.166,175.52,6.67,2315.5,D3_zviazhynski
19,375,0,0,233,0,844,844,28,40.15,44.07,0.62,0.50,4.50,150,1221.598,625.21,6.3,2287.5,D3_zviazhynski
20,113,263,0,233,0,844,844,28,28.15,30.45,0.62,0.50,4.50,90,2067.95,897.46,8.69,2277.5,D3_zviazhynski
21,188,188,0,233,0,844,844,28,33.99,39.39,0.62,0.50,4.50,100,1916.251,841.67,6.29,2281.3,D3_zviazhynski
22,300,75,0,233,0,844,844,28,38.55,42.38,0.62,0.50,4.50,140,1303.011,609.07,7.64,2283.8,D3_zviazhynski
23,244,131,0,233,0,844,844,28,36.97,41.47,0.62,0.50,4.50,165,926.966,549.36,3.93,2291.8,D3_zviazhynski
24,349,0,0,228,0,873,873,28,37.07,40.37,0.65,0.50,5.00,175,1130.596,550.94,5.87,2293.8,D3_zviazhynski
25,130,130,0,236,0,907,907,28,18.34,20.62,0.91,0.50,7.00,190,647.902,286.2,5.78,2270.2,D3_zviazhynski
26,259,0,0,231,0,907,907,28,23.16,25.03,0.89,0.50,7.00,175,1101.065,354.15,9.89,2275.2,D3_zviazhynski
A,169,169,0,227,0,847,847,28,28.04,32.79,0.67,0.50,5.00,180,713.139,365.88,6.52,2270.0,D3_zviazhynski
B,256,256,0,249,0,768,768,28,39.32,43.69,0.49,0.50,3.00,150,1336.454,939.61,6.14,2275.3,D3_zviazhynski
27,113,263,0,233,0,846,846,28,24.56,28.53,0.62,0.50,4.51,130,1732.696,796.2,8.48,2265.5,D3_zviazhynski
28,375,0,0,233,0,846,846,28,42.35,48.03,0.62,0.50,4.51,150,1254.579,552.84,7.81,2298.8,D3_zviazhynski
29,188,188,0,233,0,846,846,28,35.39,39.36,0.62,0.50,4.51,65,3235.171,,,2281.3,D3_zviazhynski
30,300,75,0,233,0,846,846,28,38.97,46.36,0.62,0.50,4.51,155,1322.475,607.43,6.38,2288.5,D3_zviazhynski
31,188,188,0,233,0,846,846,28,31.09,33.16,0.62,0.50,4.51,155,1451.268,574.35,8.18,2275.0,D3_zviazhynski
32,376,0,0,233,0,853,853,28,40.51,43.36,0.62,0.50,4.54,155,1292.491,646.77,5.91,2288.0,D3_zviazhynski
33,112,262,0,233,0,853,853,28,26.56,28.49,0.62,0.50,4.56,80,2912.065,994.67,9.32,2264.2,D3_zviazhynski