cement,fly_ash,slag,water,superplasticizer,coarse_agg,fine_agg,age,strength_mpa
300.0,0.0,0.0,120.0,0.0,454.854145479848,329.6044532462667,7.0,45.60696367718287
300.0,0.0,0.0,135.0,0.0,446.1566664882514,323.30193223786335,7.0,41.75613383047717
240.0,60.0,0.0,135.0,0.0,440.90296367941636,319.4949012169684,7.0,32.167542779553465
210.0,90.0,0.0,135.0,0.0,438.27611227499875,317.59138570652084,7.0,27.145082678773814
180.0,120.0,0.0,135.0,0.0,435.64926087058126,315.68787019607345,7.0,25.249704894458826
150.0,150.0,0.0,135.0,0.0,433.02240946616377,313.78435468562594,7.0,22.396451656721226
300.0,0.0,0.0,150.0,0.0,437.45918749665475,316.99941122945995,7.0,36.12783065928775
240.0,60.0,0.0,150.0,0.0,432.2054846878197,313.192380208565,7.0,27.478912626931095
210.0,90.0,0.0,150.0,0.0,429.57863328340216,311.28886469811755,7.0,25.47754547880307
180.0,120.0,0.0,150.0,0.0,426.95178187898466,309.38534918767004,7.0,21.11339506285543
150.0,150.0,0.0,150.0,0.0,424.3249304745671,307.4818336772226,7.0,19.95115694298164
300.0,0.0,0.0,165.0,0.0,428.761708505058,310.69689022105655,7.0,32.93739908675993
240.0,60.0,0.0,165.0,0.0,423.50800569622305,306.88985920016165,7.0,27.870579199014735
210.0,90.0,0.0,165.0,0.0,420.88115429180556,304.9863436897142,7.0,23.864554392917686
180.0,120.0,0.0,165.0,0.0,418.254302887388,303.0828281792667,7.0,21.10144191185696
150.0,150.0,0.0,165.0,0.0,415.62745148297046,301.1793126688192,7.0,18.485479174856277
300.0,0.0,0.0,180.0,0.0,420.0642295134614,304.3943692126532,7.0,29.479204062184884
240.0,60.0,0.0,180.0,0.0,414.8105267046264,300.5873381917583,7.0,23.10955497857514
210.0,90.0,0.0,180.0,0.0,412.1836753002089,298.6838226813108,7.0,20.26055820739767
180.0,120.0,0.0,180.0,0.0,409.5568238957913,296.7803071708633,7.0,19.009668199717748
150.0,150.0,0.0,180.0,0.0,406.9299724913739,294.8767916604159,7.0,17.399671307982867
375.0,0.0,0.0,150.0,0.0,423.60969865653266,306.96354975111063,7.0,44.89742519848324
300.0,75.0,0.0,150.0,0.0,417.04257014548887,302.2047609749919,7.0,35.4463513535939
262.5,112.5,0.0,150.0,0.0,413.75900588996694,299.82536658693255,7.0,32.08217082894566
225.0,150.0,0.0,150.0,0.0,410.475441634445,297.4459721988732,7.0,29.10368989883505
187.5,187.5,0.0,150.0,0.0,407.19187737892327,295.06657781081395,7.0,26.001993055670724
375.0,0.0,0.0,168.75,0.0,412.7378499170368,299.0853984906064,7.0,42.41150920137403
300.0,75.0,0.0,168.75,0.0,406.17072140599305,294.32660971448774,7.0,32.55733132982777
262.5,112.5,0.0,168.75,0.0,402.8871571504712,291.9472153264284,7.0,28.989119155227634
225.0,150.0,0.0,168.75,0.0,399.6035928949493,289.5678209383691,7.0,26.171322814981753
187.5,187.5,0.0,168.75,0.0,396.32002863942745,287.18842655030977,7.0,21.738744567578724
375.0,0.0,0.0,187.5,0.0,401.866001177541,291.2072472301022,7.0,37.27276390424728
300.0,75.0,0.0,187.5,0.0,395.2988726664973,286.44845845398356,7.0,28.90404684176437
262.5,112.5,0.0,187.5,0.0,392.0153084109755,284.06906406592424,7.0,26.28256578391648
225.0,150.0,0.0,187.5,0.0,388.7317441554535,281.6896696778649,7.0,22.6246879659165
187.5,187.5,0.0,187.5,0.0,385.4481798999317,279.3102752898056,7.0,20.15193207657343
375.0,0.0,0.0,206.25000000000003,0.0,390.9941524380453,283.3290959695981,7.0,32.47755637388276
300.0,75.0,0.0,206.25000000000003,0.0,384.4270239270015,278.5703071934794,7.0,26.90205433740247
262.5,112.5,0.0,206.25000000000003,0.0,381.1434596714796,276.19091280542,7.0,23.57699787692229
225.0,150.0,0.0,206.25000000000003,0.0,377.8598954159576,273.8115184173606,7.0,20.965226774678996
187.5,187.5,0.0,206.25000000000003,0.0,374.57633116043576,271.4321240293013,7.0,17.46785169985049
375.0,0.0,0.0,225.0,0.0,380.1223036985495,275.45094470909385,7.0,29.688512979285644
300.0,75.0,0.0,225.0,0.0,373.55517518750565,270.69215593297514,7.0,24.353117212479663
262.5,112.5,0.0,225.0,0.0,370.2716109319838,268.3127615449158,7.0,22.001598111778442
225.0,150.0,0.0,225.0,0.0,366.98804667646186,265.93336715685643,7.0,19.10205067582004
187.5,187.5,0.0,225.0,0.0,363.70448242093994,263.5539727687971,7.0,15.945518799086267
450.0,0.0,0.0,180.0,0.0,392.36525183321737,284.3226462559546,7.0,45.86074263324375
360.0,90.0,0.0,180.0,0.0,384.4846976199647,278.61209972461216,7.0,36.374206377787104
315.0,135.0,0.0,180.0,0.0,380.54442051333854,275.75682645894096,7.0,31.11102350380634
270.0,180.0,0.0,180.0,0.0,376.6041434067123,272.9015531932698,7.0,27.89662507374485
225.0,225.0,0.0,180.0,0.0,372.663866300086,270.04627992759856,7.0,25.235949455629175
450.0,0.0,0.0,202.5,0.0,379.3190333458224,274.8688647433496,7.0,41.64478370430093
360.0,90.0,0.0,202.5,0.0,371.43847913256985,269.15831821200715,7.0,32.102915290751724
315.0,135.0,0.0,202.5,0.0,367.49820202594367,266.303044946336,7.0,27.159628510345573
270.0,180.0,0.0,202.5,0.0,363.5579249193174,263.44777168066474,7.0,24.952990278256546
225.0,225.0,0.0,202.5,0.0,359.617647812691,260.5924984149935,7.0,23.0677279869662
450.0,0.0,0.0,225.0,0.0,366.27281485842747,265.41508323074453,7.0,36.447831847700435
360.0,90.0,0.0,225.0,0.0,358.3922606451749,259.7045366994021,7.0,28.46432365669223
315.0,135.0,0.0,225.0,0.0,354.45198353854863,256.8492634337309,7.0,25.016713903015425
270.0,180.0,0.0,225.0,0.0,350.51170643192233,253.99399016805967,7.0,22.30635204149466
225.0,225.0,0.0,225.0,0.0,346.5714293252961,251.1387169023885,7.0,19.87243261482726
300.0,0.0,0.0,120.0,0.0,454.854145479848,329.6044532462667,28.0,56.57251988588296
300.0,0.0,0.0,135.0,0.0,446.1566664882514,323.30193223786335,28.0,49.3045629157993
240.0,60.0,0.0,135.0,0.0,440.90296367941636,319.4949012169684,28.0,37.60620519212984
210.0,90.0,0.0,135.0,0.0,438.27611227499875,317.59138570652084,28.0,31.28308252880882
180.0,120.0,0.0,135.0,0.0,435.64926087058126,315.68787019607345,28.0,28.265902309370997
150.0,150.0,0.0,135.0,0.0,433.02240946616377,313.78435468562594,28.0,22.113223191800884
300.0,0.0,0.0,150.0,0.0,437.45918749665475,316.99941122945995,28.0,44.71075120526027
240.0,60.0,0.0,150.0,0.0,432.2054846878197,313.192380208565,28.0,32.61682472528449
210.0,90.0,0.0,150.0,0.0,429.57863328340216,311.28886469811755,28.0,28.571703637969563
180.0,120.0,0.0,150.0,0.0,426.95178187898466,309.38534918767004,28.0,23.349498131384106
150.0,150.0,0.0,150.0,0.0,424.3249304745671,307.4818336772226,28.0,20.81996890485639
300.0,0.0,0.0,165.0,0.0,428.761708505058,310.69689022105655,28.0,40.44599235983791
240.0,60.0,0.0,165.0,0.0,423.50800569622305,306.88985920016165,28.0,27.979349934410923
210.0,90.0,0.0,165.0,0.0,420.88115429180556,304.9863436897142,28.0,24.434569207203207
180.0,120.0,0.0,165.0,0.0,418.254302887388,303.0828281792667,28.0,22.081870359005094
150.0,150.0,0.0,165.0,0.0,415.62745148297046,301.1793126688192,28.0,17.778076490930218
300.0,0.0,0.0,180.0,0.0,420.0642295134614,304.3943692126532,28.0,35.9298534900024
240.0,60.0,0.0,180.0,0.0,414.8105267046264,300.5873381917583,28.0,25.14227144925211
210.0,90.0,0.0,180.0,0.0,412.1836753002089,298.6838226813108,28.0,21.639782188426967
180.0,120.0,0.0,180.0,0.0,409.5568238957913,296.7803071708633,28.0,19.597163799352355
150.0,150.0,0.0,180.0,0.0,406.9299724913739,294.8767916604159,28.0,16.29993689244458
375.0,0.0,0.0,150.0,0.0,423.60969865653266,306.96354975111063,28.0,57.532089906024794
300.0,75.0,0.0,150.0,0.0,417.04257014548887,302.2047609749919,28.0,42.28584792362839
262.5,112.5,0.0,150.0,0.0,413.75900588996694,299.82536658693255,28.0,35.112630844337005
225.0,150.0,0.0,150.0,0.0,410.475441634445,297.4459721988732,28.0,31.872529532238854
187.5,187.5,0.0,150.0,0.0,407.19187737892327,295.06657781081395,28.0,26.84755881292117
375.0,0.0,0.0,168.75,0.0,412.7378499170368,299.0853984906064,28.0,50.765551096570135
300.0,75.0,0.0,168.75,0.0,406.17072140599305,294.32660971448774,28.0,37.231864146602646
262.5,112.5,0.0,168.75,0.0,402.8871571504712,291.9472153264284,28.0,30.34624424711799
225.0,150.0,0.0,168.75,0.0,399.6035928949493,289.5678209383691,28.0,26.636920779197116
187.5,187.5,0.0,168.75,0.0,396.32002863942745,287.18842655030977,28.0,23.992842577867783
375.0,0.0,0.0,187.5,0.0,401.866001177541,291.2072472301022,28.0,43.48901289938442
300.0,75.0,0.0,187.5,0.0,395.2988726664973,286.44845845398356,28.0,31.273368925393406
262.5,112.5,0.0,187.5,0.0,392.0153084109755,284.06906406592424,28.0,27.938847040894103
225.0,150.0,0.0,187.5,0.0,388.7317441554535,281.6896696778649,28.0,24.42580042084315
187.5,187.5,0.0,187.5,0.0,385.4481798999317,279.3102752898056,28.0,21.60541420894693
375.0,0.0,0.0,206.25000000000003,0.0,390.9941524380453,283.3290959695981,28.0,39.78492389135342
300.0,75.0,0.0,206.25000000000003,0.0,384.4270239270015,278.5703071934794,28.0,28.955092288954454
262.5,112.5,0.0,206.25000000000003,0.0,381.1434596714796,276.19091280542,28.0,25.307154521419097
225.0,150.0,0.0,206.25000000000003,0.0,377.8598954159576,273.8115184173606,28.0,21.43834614067967
187.5,187.5,0.0,206.25000000000003,0.0,374.57633116043576,271.4321240293013,28.0,18.20091971321716
375.0,0.0,0.0,225.0,0.0,380.1223036985495,275.45094470909385,28.0,35.785204855296236
300.0,75.0,0.0,225.0,0.0,373.55517518750565,270.69215593297514,28.0,25.302837014231198
262.5,112.5,0.0,225.0,0.0,370.2716109319838,268.3127615449158,28.0,22.247388374017625
225.0,150.0,0.0,225.0,0.0,366.98804667646186,265.93336715685643,28.0,17.708218341815193
187.5,187.5,0.0,225.0,0.0,363.70448242093994,263.5539727687971,28.0,15.597532066575743
450.0,0.0,0.0,180.0,0.0,392.36525183321737,284.3226462559546,28.0,56.54344289611294
360.0,90.0,0.0,180.0,0.0,384.4846976199647,278.61209972461216,28.0,42.29546912603842
315.0,135.0,0.0,180.0,0.0,380.54442051333854,275.75682645894096,28.0,36.002713903593964
270.0,180.0,0.0,180.0,0.0,376.6041434067123,272.9015531932698,28.0,30.4724822337819
225.0,225.0,0.0,180.0,0.0,372.663866300086,270.04627992759856,28.0,26.53704611640519
450.0,0.0,0.0,202.5,0.0,379.3190333458224,274.8688647433496,28.0,49.34834990151061
360.0,90.0,0.0,202.5,0.0,371.43847913256985,269.15831821200715,28.0,38.09688743682804
315.0,135.0,0.0,202.5,0.0,367.49820202594367,266.303044946336,28.0,30.760525226965633
270.0,180.0,0.0,202.5,0.0,363.5579249193174,263.44777168066474,28.0,27.170603392638164
225.0,225.0,0.0,202.5,0.0,359.617647812691,260.5924984149935,28.0,23.965720604680932
450.0,0.0,0.0,225.0,0.0,366.27281485842747,265.41508323074453,28.0,43.27977708980388
360.0,90.0,0.0,225.0,0.0,358.3922606451749,259.7045366994021,28.0,32.076571628017106
315.0,135.0,0.0,225.0,0.0,354.45198353854863,256.8492634337309,28.0,28.270325884288305
270.0,180.0,0.0,225.0,0.0,350.51170643192233,253.99399016805967,28.0,25.797222055154588
225.0,225.0,0.0,225.0,0.0,346.5714293252961,251.1387169023885,28.0,19.97679058883724
300.0,0.0,0.0,120.0,0.0,454.854145479848,329.6044532462667,90.0,72.75006964701466
300.0,0.0,0.0,135.0,0.0,446.1566664882514,323.30193223786335,90.0,62.7929228630851
240.0,60.0,0.0,135.0,0.0,440.90296367941636,319.4949012169684,90.0,52.496278587859564
210.0,90.0,0.0,135.0,0.0,438.27611227499875,317.59138570652084,90.0,49.77726265046087
180.0,120.0,0.0,135.0,0.0,435.64926087058126,315.68787019607345,90.0,47.177011843349995
150.0,150.0,0.0,135.0,0.0,433.02240946616377,313.78435468562594,90.0,41.88720489258811
300.0,0.0,0.0,150.0,0.0,437.45918749665475,316.99941122945995,90.0,54.56162371942953
240.0,60.0,0.0,150.0,0.0,432.2054846878197,313.192380208565,90.0,45.69457912017374
210.0,90.0,0.0,150.0,0.0,429.57863328340216,311.28886469811755,90.0,42.167325726112686
180.0,120.0,0.0,150.0,0.0,426.95178187898466,309.38534918767004,90.0,40.57514977401372
150.0,150.0,0.0,150.0,0.0,424.3249304745671,307.4818336772226,90.0,35.57718081528202
300.0,0.0,0.0,165.0,0.0,428.761708505058,310.69689022105655,90.0,46.11265635160092
240.0,60.0,0.0,165.0,0.0,423.50800569622305,306.88985920016165,90.0,41.13359602903135
210.0,90.0,0.0,165.0,0.0,420.88115429180556,304.9863436897142,90.0,36.76596828918509
180.0,120.0,0.0,165.0,0.0,418.254302887388,303.0828281792667,90.0,32.86834343528656
150.0,150.0,0.0,165.0,0.0,415.62745148297046,301.1793126688192,90.0,31.01322281239292
300.0,0.0,0.0,180.0,0.0,420.0642295134614,304.3943692126532,90.0,40.19917035298606
240.0,60.0,0.0,180.0,0.0,414.8105267046264,300.5873381917583,90.0,35.5407478616193
210.0,90.0,0.0,180.0,0.0,412.1836753002089,298.6838226813108,90.0,30.821976102485866
180.0,120.0,0.0,180.0,0.0,409.5568238957913,296.7803071708633,90.0,29.746613264394895
150.0,150.0,0.0,180.0,0.0,406.9299724913739,294.8767916604159,90.0,27.685457528029964
375.0,0.0,0.0,150.0,0.0,423.60969865653266,306.96354975111063,90.0,73.54076943267857
300.0,75.0,0.0,150.0,0.0,417.04257014548887,302.2047609749919,90.0,62.745392227793566
262.5,112.5,0.0,150.0,0.0,413.75900588996694,299.82536658693255,90.0,57.639139184815754
225.0,150.0,0.0,150.0,0.0,410.475441634445,297.4459721988732,90.0,53.26703819287727
187.5,187.5,0.0,150.0,0.0,407.19187737892327,295.06657781081395,90.0,50.2798230988415
375.0,0.0,0.0,168.75,0.0,412.7378499170368,299.0853984906064,90.0,62.68802311865806
300.0,75.0,0.0,168.75,0.0,406.17072140599305,294.32660971448774,90.0,53.51213181481858
262.5,112.5,0.0,168.75,0.0,402.8871571504712,291.9472153264284,90.0,49.29859539848679
225.0,150.0,0.0,168.75,0.0,399.6035928949493,289.5678209383691,90.0,46.71134898555099
187.5,187.5,0.0,168.75,0.0,396.32002863942745,287.18842655030977,90.0,42.5320327196136
375.0,0.0,0.0,187.5,0.0,401.866001177541,291.2072472301022,90.0,53.375804631023094
300.0,75.0,0.0,187.5,0.0,395.2988726664973,286.44845845398356,90.0,47.04144261286265
262.5,112.5,0.0,187.5,0.0,392.0153084109755,284.06906406592424,90.0,43.34135845146026
225.0,150.0,0.0,187.5,0.0,388.7317441554535,281.6896696778649,90.0,39.22237173828304
187.5,187.5,0.0,187.5,0.0,385.4481798999317,279.3102752898056,90.0,37.466748415551194
375.0,0.0,0.0,206.25000000000003,0.0,390.9941524380453,283.3290959695981,90.0,47.46877354741086
300.0,75.0,0.0,206.25000000000003,0.0,384.4270239270015,278.5703071934794,90.0,40.30698344652773
262.5,112.5,0.0,206.25000000000003,0.0,381.1434596714796,276.19091280542,90.0,38.174448891898074
225.0,150.0,0.0,206.25000000000003,0.0,377.8598954159576,273.8115184173606,90.0,33.266672892261944
187.5,187.5,0.0,206.25000000000003,0.0,374.57633116043576,271.4321240293013,90.0,33.52157214057826
375.0,0.0,0.0,225.0,0.0,380.1223036985495,275.45094470909385,90.0,40.277243732240784
300.0,75.0,0.0,225.0,0.0,373.55517518750565,270.69215593297514,90.0,35.28794555710378
262.5,112.5,0.0,225.0,0.0,370.2716109319838,268.3127615449158,90.0,31.519444909982703
225.0,150.0,0.0,225.0,0.0,366.98804667646186,265.93336715685643,90.0,28.68153534760445
187.5,187.5,0.0,225.0,0.0,363.70448242093994,263.5539727687971,90.0,28.05517304177445
450.0,0.0,0.0,180.0,0.0,392.36525183321737,284.3226462559546,90.0,72.61782870850499
360.0,90.0,0.0,180.0,0.0,384.4846976199647,278.61209972461216,90.0,62.76796918572482
315.0,135.0,0.0,180.0,0.0,380.54442051333854,275.75682645894096,90.0,56.71375912119442
270.0,180.0,0.0,180.0,0.0,376.6041434067123,272.9015531932698,90.0,54.18532200310896
225.0,225.0,0.0,180.0,0.0,372.663866300086,270.04627992759856,90.0,50.1196583706792
450.0,0.0,0.0,202.5,0.0,379.3190333458224,274.8688647433496,90.0,62.21236451505726
360.0,90.0,0.0,202.5,0.0,371.43847913256985,269.15831821200715,90.0,53.68733893358335
315.0,135.0,0.0,202.5,0.0,367.49820202594367,266.303044946336,90.0,50.63451054828229
270.0,180.0,0.0,202.5,0.0,363.5579249193174,263.44777168066474,90.0,46.30961325978849
225.0,225.0,0.0,202.5,0.0,359.617647812691,260.5924984149935,90.0,42.38225482737783
450.0,0.0,0.0,225.0,0.0,366.27281485842747,265.41508323074453,90.0,54.80585700490605
360.0,90.0,0.0,225.0,0.0,358.3922606451749,259.7045366994021,90.0,45.880256383426804
315.0,135.0,0.0,225.0,0.0,354.45198353854863,256.8492634337309,90.0,41.77030890126428
270.0,180.0,0.0,225.0,0.0,350.51170643192233,253.99399016805967,90.0,41.63097443452368
225.0,225.0,0.0,225.0,0.0,346.5714293252961,251.1387169023885,90.0,36.34039049711763
