method,alpha,nominal_coverage,empirical_coverage,coverage_error,mean_interval_width,normalized_width,winkler_score,rmse,mae,r_squared,inference_time_sec,guaranteed,guarantee_scope,fold,fold_idx,seed,K
SplitCP,0.1,0.9,0.10333692142088267,0.7966630785791173,3.376377520727658,0.04423395153000549,170.7238038451552,12.055410373462953,9.957063657007904,0.4734654004531056,0.0009992122650146484,True,target,D1,0,142,10
SplitCP,0.2,0.8,0.07857911733046287,0.7214208826695372,2.2611576152580994,0.029623445761324058,91.01438461585401,12.055410373462953,9.957063657007904,0.4734654004531056,0.0009984970092773438,True,target,D1,0,142,10
SplitCP,0.3,0.7,0.06673842841765339,0.6332615715823465,1.8028388921989063,0.023619008148339008,62.389333332935365,12.055410373462953,9.957063657007904,0.4734654004531056,0.0020012855529785156,True,target,D1,0,142,10
TargetOnlyCP,0.1,0.9,0.8654467168998924,0.034553283100107635,71.13999999999999,0.93200576432176,83.145382131324,23.09312644300917,19.71100107642626,-0.9320945901071955,0.0,True,target,D1,0,142,10
TargetOnlyCP,0.2,0.8,0.8223896663078579,0.02238966630785788,64.36,0.8431809248207546,75.77442411194833,23.09312644300917,19.71100107642626,-0.9320945901071955,0.0,True,target,D1,0,142,10
TargetOnlyCP,0.3,0.7,0.6716899892357373,0.02831001076426265,50.75999999999999,0.665007205467705,69.74335127377107,23.09312644300917,19.71100107642626,-0.9320945901071955,0.0,True,target,D1,0,142,10
TransferCal-CP-affine-localsigma,0.1,0.9,0.7233584499461787,0.17664155005382132,36.68083412450652,0.48055592977467526,68.06682260346423,15.748799767908013,13.435718293883994,0.10141774035138351,0.002004384994506836,True,target,D1,0,142,10
TransferCal-CP-affine-localsigma,0.2,0.8,0.6114101184068891,0.18858988159311096,30.314486301115778,0.3971503510696224,56.76409473863464,15.748799767908013,13.435718293883994,0.10141774035138351,0.0015056133270263672,True,target,D1,0,142,10
TransferCal-CP-affine-localsigma,0.3,0.7,0.5705059203444564,0.1294940796555436,28.616213863298928,0.37490126895781367,48.5541309302156,15.748799767908013,13.435718293883994,0.10141774035138351,0.0020003318786621094,True,target,D1,0,142,10
AdaptiveJackknifeCP,0.1,0.9,0.9946178686759957,0.09461786867599564,88.592891191932,1.1606562449931277,88.86864352921961,15.022305693440941,12.158515053232366,0.18240898863255228,0.0015099048614501953,True,target,D1,0,142,10
AdaptiveJackknifeCP,0.2,0.8,0.9817007534983854,0.18170075349838533,70.91415075270042,0.9290469113508445,71.67561391054701,15.022305693440941,12.158515053232366,0.18240898863255228,0.002001047134399414,True,target,D1,0,142,10
AdaptiveJackknifeCP,0.3,0.7,0.9171151776103337,0.21711517761033372,52.9632576873865,0.693872103765856,55.96564545101859,15.022305693440941,12.158515053232366,0.18240898863255228,0.002000570297241211,True,target,D1,0,142,10
AdaptiveSplitCP,0.1,0.9,0.8654467168998924,0.034553283100107635,71.13999999999999,0.93200576432176,83.145382131324,23.09312644300917,19.71100107642626,-0.9320945901071955,0.0019989013671875,True,target,D1,0,142,10
AdaptiveSplitCP,0.2,0.8,0.8223896663078579,0.02238966630785788,64.36,0.8431809248207546,75.77442411194833,23.09312644300917,19.71100107642626,-0.9320945901071955,0.0020668506622314453,True,target,D1,0,142,10
AdaptiveSplitCP,0.3,0.7,0.6716899892357373,0.02831001076426265,50.75999999999999,0.665007205467705,69.74335127377107,23.09312644300917,19.71100107642626,-0.9320945901071955,0.002128124237060547,True,target,D1,0,142,10
SplitCP,0.1,0.9,0.10173160173160173,0.7982683982683982,3.3763775207276585,0.04423395153000549,170.32584909618774,12.022041055678061,9.93831663335736,0.4762551915715053,0.0010006427764892578,True,target,D1,0,142,15
SplitCP,0.2,0.8,0.07792207792207792,0.7220779220779221,2.2611576152580994,0.029623445761324058,90.82052181186765,12.022041055678061,9.93831663335736,0.4762551915715053,0.0020017623901367188,True,target,D1,0,142,15
SplitCP,0.3,0.7,0.06601731601731602,0.633982683982684,1.8028388921989063,0.023619008148339008,62.26114932713303,12.022041055678061,9.93831663335736,0.4762551915715053,0.001001119613647461,True,target,D1,0,142,15
TargetOnlyCP,0.1,0.9,0.8939393939393939,0.0060606060606061,43.83992975937891,0.574347304515072,59.86722719489408,14.336225523096397,11.49368761127784,0.25521149343717964,0.0,True,target,D1,0,142,15
TargetOnlyCP,0.2,0.8,0.8506493506493507,0.05064935064935061,39.33936249162754,0.5153853332434651,50.15850425516966,14.336225523096397,11.49368761127784,0.25521149343717964,0.0,True,target,D1,0,142,15
TargetOnlyCP,0.3,0.7,0.7002164502164502,0.00021645021645022577,29.956785953146724,0.3924641156717161,43.95252716907088,14.336225523096397,11.49368761127784,0.25521149343717964,0.0,True,target,D1,0,142,15
TransferCal-CP-affine-localsigma,0.1,0.9,0.8787878787878788,0.021212121212121238,35.519274486972776,0.46533832676954534,46.01423161700089,11.706529184894345,9.589681367975187,0.5033852414361816,0.0015053749084472656,True,target,D1,0,142,15
TransferCal-CP-affine-localsigma,0.2,0.8,0.854978354978355,0.054978354978354904,33.741888831683845,0.4420527817013405,40.18285678099299,11.706529184894345,9.589681367975187,0.5033852414361816,0.0020089149475097656,True,target,D1,0,142,15
TransferCal-CP-affine-localsigma,0.3,0.7,0.7142857142857143,0.014285714285714346,26.306464462400534,0.3446412217863766,36.06647712378534,11.706529184894345,9.589681367975187,0.5033852414361816,0.0010075569152832031,True,target,D1,0,142,15
AdaptiveJackknifeCP,0.1,0.9,0.9924242424242424,0.09242424242424241,70.76464672345787,0.9270882577516966,71.26873512834115,12.99137634064102,10.436096139494543,0.3883913131572012,0.00200653076171875,True,target,D1,0,142,15
AdaptiveJackknifeCP,0.2,0.8,0.9577922077922078,0.1577922077922077,52.75495876418534,0.6911431777449746,54.63737838692059,12.99137634064102,10.436096139494543,0.3883913131572012,0.002325296401977539,True,target,D1,0,142,15
AdaptiveJackknifeCP,0.3,0.7,0.8971861471861472,0.19718614718614724,44.493836068992145,0.5829141368159703,47.82735845619805,12.99137634064102,10.436096139494543,0.3883913131572012,0.001998424530029297,True,target,D1,0,142,15
AdaptiveSplitCP,0.1,0.9,0.8831168831168831,0.016883116883116944,101.35614685382549,1.3278677694294094,131.16836856649303,31.372750372018043,24.411487807616286,-2.566715797715576,0.0009999275207519531,True,target,D1,0,142,15
AdaptiveSplitCP,0.2,0.8,0.7251082251082251,0.0748917748917749,69.07518178248881,0.9049545627333849,115.89220997858659,31.372750372018043,24.411487807616286,-2.566715797715576,0.0010058879852294922,True,target,D1,0,142,15
AdaptiveSplitCP,0.3,0.7,0.7012987012987013,0.0012987012987013546,63.43350812783047,0.8310429466726065,100.08044259168204,31.372750372018043,24.411487807616286,-2.566715797715576,0.002000570297241211,True,target,D1,0,142,15
SplitCP,0.05,0.95,0.12295973884657237,0.8270402611534275,3.95737736684373,0.05184563561280328,329.49045697882684,12.079771169637842,9.986424141737974,0.47370223994125005,0.00099945068359375,True,target,D1,0,142,20
SplitCP,0.1,0.9,0.10119695321001088,0.7988030467899891,3.376377520727658,0.04423395153000549,171.29447337322065,12.079771169637842,9.986424141737974,0.47370223994125005,0.001001119613647461,True,target,D1,0,142,20
SplitCP,0.2,0.8,0.07725788900979326,0.7227421109902068,2.2611576152580994,0.029623445761324058,91.30822757816976,12.079771169637842,9.986424141737974,0.47370223994125005,0.001999378204345703,True,target,D1,0,142,20
SplitCP,0.3,0.7,0.06637649619151251,0.6336235038084874,1.8028388921989063,0.023619008148339008,62.58569924029087,12.079771169637842,9.986424141737974,0.47370223994125005,0.0010004043579101562,True,target,D1,0,142,20
TargetOnlyCP,0.1,0.9,0.9684439608269858,0.06844396082698578,103.60391172853791,1.3573157567793104,115.3702113445,20.67441834883693,15.07306311850876,-0.5416319658625897,0.0,True,target,D1,0,142,20
TargetOnlyCP,0.2,0.8,0.9673558215451578,0.1673558215451577,101.59538157265727,1.3310019855803388,107.79685930812488,20.67441834883693,15.07306311850876,-0.5416319658625897,0.0,True,target,D1,0,142,20
TargetOnlyCP,0.3,0.7,0.6539717083786725,0.04602829162132749,32.89234579951249,0.4309229109813083,61.98060518073432,20.67441834883693,15.07306311850876,-0.5416319658625897,0.0010006427764892578,True,target,D1,0,142,20
TransferCal-CP-affine-localsigma,0.1,0.9,0.8650707290533188,0.03492927094668119,43.6913821216408,0.5724011806094169,60.002949365162614,14.88276716585089,12.174958107132625,0.20112012312789807,0.0009999275207519531,True,target,D1,0,142,20
TransferCal-CP-affine-localsigma,0.2,0.8,0.8063112078346029,0.006311207834602817,38.66765333877686,0.506585265737076,50.84610418969191,14.88276716585089,12.174958107132625,0.20112012312789807,0.001001119613647461,True,target,D1,0,142,20
TransferCal-CP-affine-localsigma,0.3,0.7,0.6300326441784548,0.06996735582154512,28.61527632032246,0.37488898619905114,46.00092039949015,14.88276716585089,12.174958107132625,0.20112012312789807,0.00099945068359375,True,target,D1,0,142,20
AdaptiveJackknifeCP,0.05,0.95,0.9815016322089227,0.03150163220892277,52.930465986101964,0.6934424993995486,55.941435794804974,11.533668624296443,9.35480678624439,0.5202123710115522,0.0019998550415039062,True,target,D1,0,142,20
AdaptiveJackknifeCP,0.1,0.9,0.9532100108813928,0.053210010881392766,43.82441555446118,0.5741440527802928,47.2207022590714,11.533668624296443,9.35480678624439,0.5202123710115522,0.002506732940673828,True,target,D1,0,142,20
AdaptiveJackknifeCP,0.2,0.8,0.8661588683351469,0.06615886833514684,34.92111381459893,0.45750181855134175,40.953239238926855,11.533668624296443,9.35480678624439,0.5202123710115522,0.0025031566619873047,True,target,D1,0,142,20
AdaptiveJackknifeCP,0.3,0.7,0.7312295973884657,0.031229597388465757,26.95614281284178,0.35315266355705827,35.67407584294845,11.533668624296443,9.35480678624439,0.5202123710115522,0.002000093460083008,True,target,D1,0,142,20
AdaptiveSplitCP,0.1,0.9,0.9651795429815017,0.06517954298150164,78.00997311745682,1.0220093424241679,90.60136343442339,17.958694878216892,13.361717725675934,-0.16322479350946817,0.0010018348693847656,True,target,D1,0,142,20
AdaptiveSplitCP,0.2,0.8,0.955386289445049,0.15538628944504895,72.95569327116002,0.9557931778016782,80.24163796848585,17.958694878216892,13.361717725675934,-0.16322479350946817,0.0010001659393310547,True,target,D1,0,142,20
AdaptiveSplitCP,0.3,0.7,0.8607181719260065,0.16071817192600657,45.98528723758081,0.6024536516645654,58.08642379978544,17.958694878216892,13.361717725675934,-0.16322479350946817,0.0019981861114501953,True,target,D1,0,142,20
SplitCP,0.05,0.95,0.1265126512651265,0.8234873487348735,3.9573773668437293,0.05184563561280327,327.1098126111878,12.022436777683714,9.924086187728985,0.4791586084783601,0.001001119613647461,True,target,D1,0,142,30
SplitCP,0.1,0.9,0.10451045104510451,0.7954895489548955,3.3763775207276576,0.044233951530005484,170.0841243235388,12.022436777683714,9.924086187728985,0.4791586084783601,0.0009992122650146484,True,target,D1,0,142,30
SplitCP,0.2,0.8,0.07920792079207921,0.7207920792079209,2.2611576152580994,0.029623445761324058,90.68975320020314,12.022436777683714,9.924086187728985,0.4791586084783601,0.0010008811950683594,True,target,D1,0,142,30
SplitCP,0.3,0.7,0.0671067106710671,0.6328932893289329,1.8028388921989063,0.023619008148339008,62.172171659076135,12.022436777683714,9.924086187728985,0.4791586084783601,0.00099945068359375,True,target,D1,0,142,30
TargetOnlyCP,0.1,0.9,0.9966996699669967,0.09669966996699664,231.5079043669475,3.032987086815376,231.9315085776837,22.27854685545374,13.110067285497786,-0.7885216711625644,0.0,True,target,D1,0,142,30
TargetOnlyCP,0.2,0.8,0.9647964796479648,0.16479647964796473,113.06433727430866,1.4812568748787645,125.32823886475859,22.27854685545374,13.110067285497786,-0.7885216711625644,0.0,True,target,D1,0,142,30
TargetOnlyCP,0.3,0.7,0.8327832783278328,0.13278327832783288,37.97913738348206,0.4975650121643707,63.39883148807346,22.27854685545374,13.110067285497786,-0.7885216711625644,0.0,True,target,D1,0,142,30
TransferCal-CP-affine-localsigma,0.1,0.9,0.9702970297029703,0.07029702970297025,54.55374849711314,0.7147091378221676,57.305572092499936,12.672014406881107,9.95527741302614,0.4213555357864942,0.001004934310913086,True,target,D1,0,142,30
TransferCal-CP-affine-localsigma,0.2,0.8,0.8338833883388339,0.033883388338833864,36.308017781582656,0.4756716595942086,45.73656815657636,12.672014406881107,9.95527741302614,0.4213555357864942,0.0009999275207519531,True,target,D1,0,142,30
TransferCal-CP-affine-localsigma,0.3,0.7,0.8162816281628162,0.11628162816281629,34.63094663213701,0.4537003357474127,41.88601337387979,12.672014406881107,9.95527741302614,0.4213555357864942,0.0010004043579101562,True,target,D1,0,142,30
AdaptiveJackknifeCP,0.05,0.95,0.9900990099009901,0.040099009900990135,58.83025028324933,0.7707356252527444,59.90945088922592,11.657214579152106,9.23882813825368,0.5103225913499163,0.0019986629486083984,True,target,D1,0,142,30
AdaptiveJackknifeCP,0.1,0.9,0.9647964796479648,0.06479647964796476,46.266342485947845,0.6061357589399514,49.36370672558439,11.657214579152106,9.23882813825368,0.5103225913499163,0.0030002593994140625,True,target,D1,0,142,30
AdaptiveJackknifeCP,0.2,0.8,0.845984598459846,0.04598459845984593,32.838340625078715,0.4302153887171042,41.834182023579906,11.657214579152106,9.23882813825368,0.5103225913499163,0.001999378204345703,True,target,D1,0,142,30
AdaptiveJackknifeCP,0.3,0.7,0.7964796479647965,0.09647964796479658,29.080516366867148,0.3809841001317609,37.24292136734936,11.657214579152106,9.23882813825368,0.5103225913499163,0.0020012855529785156,True,target,D1,0,142,30
AdaptiveSplitCP,0.1,0.9,0.9977997799779978,0.09779977997799782,160.11456699288146,2.0976623473326983,160.31609234270857,17.30212335984561,12.088111323156394,-0.07874623974136741,0.0019121170043945312,True,target,D1,0,142,30
AdaptiveSplitCP,0.2,0.8,0.9614961496149615,0.1614961496149615,79.25871935594226,1.038369177853512,86.52608575534191,17.30212335984561,12.088111323156394,-0.07874623974136741,0.0,True,target,D1,0,142,30
AdaptiveSplitCP,0.3,0.7,0.922992299229923,0.22299229922992303,53.994477589968724,0.7073821247595298,63.210560457582545,17.30212335984561,12.088111323156394,-0.07874623974136741,0.0010006427764892578,True,target,D1,0,142,30
SplitCP,0.05,0.95,0.12373453318335208,0.8262654668166479,3.9573773668437293,0.05184563561280327,326.3623336451535,12.01865907682892,9.912081363557332,0.47639332198447093,0.0010004043579101562,True,target,D1,0,142,50
SplitCP,0.1,0.9,0.10123734533183353,0.7987626546681665,3.376377520727658,0.04423395153000549,169.72779834636574,12.01865907682892,9.912081363557332,0.47639332198447093,0.0010001659393310547,True,target,D1,0,142,50
SplitCP,0.2,0.8,0.07536557930258718,0.7246344206974129,2.2611576152580994,0.029623445761324058,90.53167227096486,12.01865907682892,9.912081363557332,0.47639332198447093,0.0020003318786621094,True,target,D1,0,142,50
SplitCP,0.3,0.7,0.06299212598425197,0.637007874015748,1.8028388921989063,0.023619008148339008,62.07288423574289,12.01865907682892,9.912081363557332,0.47639332198447093,0.0009999275207519531,True,target,D1,0,142,50
TargetOnlyCP,0.05,0.95,0.9932508436445444,0.04325084364454446,87.05343619136752,1.1404878315205378,88.56080583070145,15.102851864879895,11.383787124274994,0.17317981576386898,0.0,True,target,D1,0,142,50
TargetOnlyCP,0.1,0.9,0.9111361079865017,0.011136107986501664,51.104001411846674,0.6695139709832509,66.76850382686963,15.102851864879895,11.383787124274994,0.17317981576386898,0.0,True,target,D1,0,142,50
TargetOnlyCP,0.2,0.8,0.8020247469066367,0.0020247469066366763,37.44445147114819,0.49056008733450274,55.061503693575375,15.102851864879895,11.383787124274994,0.17317981576386898,0.0,True,target,D1,0,142,50
TargetOnlyCP,0.3,0.7,0.7615298087739033,0.06152980877390335,34.658202251730756,0.4540574118589046,48.45967272705149,15.102851864879895,11.383787124274994,0.17317981576386898,0.0,True,target,D1,0,142,50
TransferCal-CP-affine-localsigma,0.05,0.95,0.9673790776152981,0.01737907761529811,51.640279997332975,0.676539761438066,57.52791755582931,11.870657701775768,9.297901634991234,0.4892096207951604,0.0015025138854980469,True,target,D1,0,142,50
TransferCal-CP-affine-localsigma,0.1,0.9,0.9077615298087739,0.0077615298087738704,41.74467002498113,0.5468972883468121,50.59401692628743,11.870657701775768,9.297901634991234,0.4892096207951604,0.0019991397857666016,True,target,D1,0,142,50
TransferCal-CP-affine-localsigma,0.2,0.8,0.7997750281214848,0.00022497187851522327,29.3046163458227,0.38392003592275,42.404088512882815,11.870657701775768,9.297901634991234,0.4892096207951604,0.0009996891021728516,True,target,D1,0,142,50
TransferCal-CP-affine-localsigma,0.3,0.7,0.78177727784027,0.08177727784027,28.507440124985916,0.373476223257581,37.792377611184854,11.870657701775768,9.297901634991234,0.4892096207951604,0.0009999275207519531,True,target,D1,0,142,50
AdaptiveJackknifeCP,0.05,0.95,0.9730033745781778,0.023003374578177804,49.116173651574876,0.6434714220508341,54.49236696546018,11.27572377851559,8.9664582797602,0.5391262194282535,0.003000497817993164,True,target,D1,0,142,50
AdaptiveJackknifeCP,0.1,0.9,0.9381327334083239,0.038132733408323904,42.6163171590748,0.5583167451001131,48.0826204802369,11.27572377851559,8.9664582797602,0.5391262194282535,0.0030035972595214844,True,target,D1,0,142,50
AdaptiveJackknifeCP,0.2,0.8,0.8031496062992126,0.0031496062992125706,30.210445972943646,0.39578731781718557,39.39635256979755,11.27572377851559,8.9664582797602,0.5391262194282535,0.0030002593994140625,True,target,D1,0,142,50
AdaptiveJackknifeCP,0.3,0.7,0.7266591676040495,0.026659167604049516,25.46149420157783,0.3335712589839135,35.089596583609605,11.27572377851559,8.9664582797602,0.5391262194282535,0.0029997825622558594,True,target,D1,0,142,50
AdaptiveSplitCP,0.05,0.95,0.9786276715410573,0.028627671541057387,53.8588550442695,0.7056053325981062,58.491771457179105,11.9000068593992,9.31917553170377,0.486680729806265,0.0019989013671875,True,target,D1,0,142,50
AdaptiveSplitCP,0.1,0.9,0.9786276715410573,0.07862767154105732,53.8588550442695,0.7056053325981062,56.17531325072431,11.9000068593992,9.31917553170377,0.486680729806265,0.0010006427764892578,True,target,D1,0,142,50
AdaptiveSplitCP,0.2,0.8,0.8166479190101237,0.016647919010123635,32.29587990951604,0.4231086061219043,42.36843136197291,11.9000068593992,9.31917553170377,0.486680729806265,0.0009996891021728516,True,target,D1,0,142,50
AdaptiveSplitCP,0.3,0.7,0.7930258717660292,0.09302587176602928,30.42312827756325,0.39857367055649834,38.363725860638446,11.9000068593992,9.31917553170377,0.486680729806265,0.001999378204345703,True,target,D1,0,142,50
SplitCP,0.1,0.9,0.0,0.9,3.261775486691306,0.0789011970464996,327.50987331770233,18.891604618089207,17.843292634896205,-4.693432449925657,0.0,True,target,D2,1,142,10
SplitCP,0.2,0.8,0.0,0.8,1.934718560049248,0.04680015867395371,170.69405210876505,18.891604618089207,17.843292634896205,-4.693432449925657,0.0010006427764892578,True,target,D2,1,142,10
SplitCP,0.3,0.7,0.0,0.7,1.4605918942643392,0.0353312020781574,115.54723647935793,18.891604618089207,17.843292634896205,-4.693432449925657,0.0,True,target,D2,1,142,10
TargetOnlyCP,0.1,0.9,0.9354838709677419,0.03548387096774186,30.23999999999999,0.7314949199972192,37.551827956989236,9.422870655901495,7.738602150537635,-0.41645550467274806,0.0,True,target,D2,1,142,10
TargetOnlyCP,0.2,0.8,0.8387096774193549,0.03870967741935483,25.699999999999985,0.6216739234103349,31.882795698924717,9.422870655901495,7.738602150537635,-0.41645550467274806,0.0,True,target,D2,1,142,10
TargetOnlyCP,0.3,0.7,0.7419354838709677,0.041935483870967794,21.42000000000001,0.5181422349980306,28.539713261648757,9.422870655901495,7.738602150537635,-0.41645550467274806,0.0,True,target,D2,1,142,10
TransferCal-CP-affine-localsigma,0.1,0.9,1.0,0.09999999999999998,59.54238586111722,1.4403092851164518,59.54238586111722,12.01543721825383,9.778777744620786,-1.3031150542391519,0.0,True,target,D2,1,142,10
TransferCal-CP-affine-localsigma,0.2,0.8,0.6666666666666666,0.13333333333333341,26.850720422139702,0.6495094440165603,42.94083420369984,12.01543721825383,9.778777744620786,-1.3031150542391519,0.0,True,target,D2,1,142,10
TransferCal-CP-affine-localsigma,0.3,0.7,0.5161290322580645,0.18387096774193545,16.51613471486923,0.3995194656718441,41.42034653019828,12.01543721825383,9.778777744620786,-1.3031150542391519,0.0,True,target,D2,1,142,10
AdaptiveJackknifeCP,0.1,0.9,0.7419354838709677,0.15806451612903227,13.152618488719604,0.31815719607010234,30.52182746261552,6.206293706494749,4.68573010722376,0.38552937581343594,0.0009984970092773438,True,target,D2,1,142,10
AdaptiveJackknifeCP,0.2,0.8,0.6559139784946236,0.14408602150537642,10.855925740563354,0.2626010096259638,25.360745593043884,6.206293706494749,4.68573010722376,0.38552937581343594,0.00099945068359375,True,target,D2,1,142,10
AdaptiveJackknifeCP,0.3,0.7,0.5591397849462365,0.14086021505376345,8.709691223580764,0.21068435465587615,20.538430758187648,6.206293706494749,4.68573010722376,0.38552937581343594,0.001001596450805664,True,target,D2,1,142,10
AdaptiveSplitCP,0.1,0.9,0.9354838709677419,0.03548387096774186,30.23999999999999,0.7314949199972192,37.551827956989236,9.422870655901495,7.738602150537635,-0.41645550467274806,0.0009980201721191406,True,target,D2,1,142,10
AdaptiveSplitCP,0.2,0.8,0.8387096774193549,0.03870967741935483,25.699999999999985,0.6216739234103349,31.882795698924717,9.422870655901495,7.738602150537635,-0.41645550467274806,0.0010001659393310547,True,target,D2,1,142,10
AdaptiveSplitCP,0.3,0.7,0.7419354838709677,0.041935483870967794,21.42000000000001,0.5181422349980306,28.539713261648757,9.422870655901495,7.738602150537635,-0.41645550467274806,0.0,True,target,D2,1,142,10
SplitCP,0.1,0.9,0.0,0.9,3.261775486691306,0.09484662651185925,323.8064172321046,18.6466933413743,17.658119830616318,-5.528780647208228,0.0,True,target,D2,1,142,15
SplitCP,0.2,0.8,0.0,0.8,1.934718560049248,0.05625817270970242,168.84232406596618,18.6466933413743,17.658119830616318,-5.528780647208228,0.0,True,target,D2,1,142,15
SplitCP,0.3,0.7,0.0,0.7,1.4605918942643399,0.04247141302237935,114.312751117492,18.6466933413743,17.658119830616318,-5.528780647208228,0.001001596450805664,True,target,D2,1,142,15
TargetOnlyCP,0.1,0.9,1.0,0.09999999999999998,33.523292684883295,0.9747976933741005,33.523292684883295,5.8609300909887,4.673758305754877,0.35499734450160725,0.0009984970092773438,True,target,D2,1,142,15
TargetOnlyCP,0.2,0.8,0.8181818181818182,0.018181818181818188,16.52520322731627,0.4805235016723185,20.74569413449674,5.8609300909887,4.673758305754877,0.35499734450160725,0.0,True,target,D2,1,142,15
TargetOnlyCP,0.3,0.7,0.6363636363636364,0.0636363636363636,10.191391540106693,0.2963475294313236,18.759802264821836,5.8609300909887,4.673758305754877,0.35499734450160725,0.0,True,target,D2,1,142,15
TransferCal-CP-affine-localsigma,0.1,0.9,1.0,0.09999999999999998,35.099491908214894,1.020630761791468,35.099491908214894,6.025363093101829,4.937073048162287,0.3182975320805337,0.0,True,target,D2,1,142,15
TransferCal-CP-affine-localsigma,0.2,0.8,0.8295454545454546,0.02954545454545454,17.016134859731903,0.49479891988321933,21.622509805831445,6.025363093101829,4.937073048162287,0.3182975320805337,0.0010020732879638672,True,target,D2,1,142,15
TransferCal-CP-affine-localsigma,0.3,0.7,0.8295454545454546,0.12954545454545463,16.906159381211364,0.49160102867971367,20.03956207928561,6.025363093101829,4.937073048162287,0.3182975320805337,0.0009982585906982422,True,target,D2,1,142,15
AdaptiveJackknifeCP,0.1,0.9,1.0,0.09999999999999998,34.02582292402446,0.9894103784277509,34.02582292402446,5.923752442254721,4.7218638293575745,0.34109588193081364,0.0009996891021728516,True,target,D2,1,142,15
AdaptiveJackknifeCP,0.2,0.8,0.8295454545454546,0.02954545454545454,18.509630519494788,0.5382271158509019,23.498565082773645,5.923752442254721,4.7218638293575745,0.34109588193081364,0.0010006427764892578,True,target,D2,1,142,15
AdaptiveJackknifeCP,0.3,0.7,0.5795454545454546,0.12045454545454537,10.145528311184956,0.2950139083522773,19.906251240283233,5.923752442254721,4.7218638293575745,0.34109588193081364,0.0,True,target,D2,1,142,15
AdaptiveSplitCP,0.1,0.9,0.9318181818181818,0.031818181818181746,38.19647004547438,1.1106853746544787,41.811102791578605,9.896561873738193,7.747853287674365,-0.8390651251678165,0.0,True,target,D2,1,142,15
AdaptiveSplitCP,0.2,0.8,0.7159090909090909,0.0840909090909091,21.973303623583064,0.6389445657805646,35.83490415815983,9.896561873738193,7.747853287674365,-0.8390651251678165,0.0,True,target,D2,1,142,15
AdaptiveSplitCP,0.3,0.7,0.7159090909090909,0.015909090909090984,21.84735045744634,0.635282071855002,31.207691312066387,9.896561873738193,7.747853287674365,-0.8390651251678165,0.0,True,target,D2,1,142,15
SplitCP,0.05,0.95,0.0,0.95,3.931335210015818,0.0950976102821684,643.5016337978601,19.01098641391572,17.954925069704018,-4.6111171030719795,0.0,True,target,D2,1,142,20
SplitCP,0.1,0.9,0.0,0.9,3.261775486691306,0.0789011970464996,329.7425220138586,19.01098641391572,17.954925069704018,-4.6111171030719795,0.0,True,target,D2,1,142,20
SplitCP,0.2,0.8,0.0,0.8,1.934718560049248,0.04680015867395371,171.8103764568432,19.01098641391572,17.954925069704018,-4.6111171030719795,0.0010008811950683594,True,target,D2,1,142,20
SplitCP,0.3,0.7,0.0,0.7,1.4605918942643399,0.03533120207815742,116.29145271141,19.01098641391572,17.954925069704018,-4.6111171030719795,0.0,True,target,D2,1,142,20
TargetOnlyCP,0.1,0.9,0.8192771084337349,0.08072289156626511,15.684812346361058,0.3794100711796554,24.246422438048004,5.7042079009196085,4.38184166632528,0.49483794514524204,0.0,True,target,D2,1,142,20
TargetOnlyCP,0.2,0.8,0.5783132530120482,0.22168674698795188,9.442413193547845,0.22840864033052147,22.895933115094284,5.7042079009196085,4.38184166632528,0.49483794514524204,0.0,True,target,D2,1,142,20
TargetOnlyCP,0.3,0.7,0.5662650602409639,0.13373493975903605,9.102540788623351,0.22018724688973096,18.55969416960703,5.7042079009196085,4.38184166632528,0.49483794514524204,0.0,True,target,D2,1,142,20
TransferCal-CP-affine-localsigma,0.1,0.9,0.8674698795180723,0.032530120481927716,19.44624228210545,0.4703977328834415,26.953486430698863,6.273691315294166,4.990815180482698,0.388936529831017,0.001008749008178711,True,target,D2,1,142,20
TransferCal-CP-affine-localsigma,0.2,0.8,0.7951807228915663,0.004819277108433773,14.57494721073016,0.35256282552502494,22.29603161105269,6.273691315294166,4.990815180482698,0.388936529831017,0.0,True,target,D2,1,142,20
TransferCal-CP-affine-localsigma,0.3,0.7,0.7228915662650602,0.02289156626506028,13.016151873264274,0.3148561168387932,19.465649142120203,6.273691315294166,4.990815180482698,0.388936529831017,0.0,True,target,D2,1,142,20
AdaptiveJackknifeCP,0.05,0.95,0.9759036144578314,0.025903614457831403,24.196826932268845,0.5853126977846085,27.480405464972204,4.975535934865629,3.854367720702765,0.6156563024837576,0.0,True,target,D2,1,142,20
AdaptiveJackknifeCP,0.1,0.9,0.891566265060241,0.008433734939759074,18.22704121542617,0.4409056896714347,22.505653434741205,4.975535934865629,3.854367720702765,0.6156563024837576,0.0,True,target,D2,1,142,20
AdaptiveJackknifeCP,0.2,0.8,0.8674698795180723,0.06746987951807226,13.462841191845833,0.3256613736959172,18.370185689977376,4.975535934865629,3.854367720702765,0.6156563024837576,0.0009992122650146484,True,target,D2,1,142,20
AdaptiveJackknifeCP,0.3,0.7,0.7349397590361446,0.03493975903614466,9.65090852915922,0.23345206886368405,15.173470314176374,4.975535934865629,3.854367720702765,0.6156563024837576,0.00099945068359375,True,target,D2,1,142,20
AdaptiveSplitCP,0.1,0.9,0.8072289156626506,0.09277108433734937,18.721128690453785,0.4528574911931594,29.838959000011933,7.0754235772521215,5.865028690957488,0.22277829856886067,0.0,True,target,D2,1,142,20
AdaptiveSplitCP,0.2,0.8,0.6144578313253012,0.18554216867469886,12.861932077237098,0.3111255944394253,26.04531072804773,7.0754235772521215,5.865028690957488,0.22277829856886067,0.0009989738464355469,True,target,D2,1,142,20
AdaptiveSplitCP,0.3,0.7,0.6144578313253012,0.08554216867469877,12.377359800106802,0.29940396219430965,21.789022389328736,7.0754235772521215,5.865028690957488,0.22277829856886067,0.0,True,target,D2,1,142,20
SplitCP,0.05,0.95,0.0,0.95,3.9313352100158174,0.09509761028216838,642.0526168716951,18.923111415824813,17.918699646549896,-5.5122713268829475,0.001554727554321289,True,target,D2,1,142,30
SplitCP,0.1,0.9,0.0,0.9,3.261775486691306,0.0789011970464996,329.01801355077606,18.923111415824813,17.918699646549896,-5.5122713268829475,0.0,True,target,D2,1,142,30
SplitCP,0.2,0.8,0.0,0.8,1.934718560049248,0.04680015867395371,171.44812222530194,18.923111415824813,17.918699646549896,-5.5122713268829475,0.0,True,target,D2,1,142,30
SplitCP,0.3,0.7,0.0,0.7,1.4605918942643399,0.03533120207815742,116.0499498903825,18.923111415824813,17.918699646549896,-5.5122713268829475,0.0010008811950683594,True,target,D2,1,142,30
TargetOnlyCP,0.1,0.9,0.9726027397260274,0.07260273972602738,27.64412304553258,0.6687015732667044,29.267157243220293,5.027848037094501,3.8422817074396636,0.5402606475145685,0.0,True,target,D2,1,142,30
TargetOnlyCP,0.2,0.8,0.8767123287671232,0.0767123287671232,15.888184800804853,0.3843295790266462,19.097781779683725,5.027848037094501,3.8422817074396636,0.5402606475145685,0.0,True,target,D2,1,142,30
TargetOnlyCP,0.3,0.7,0.8493150684931506,0.14931506849315068,12.935211780562753,0.31289820458233597,16.42013129027576,5.027848037094501,3.8422817074396636,0.5402606475145685,0.0,True,target,D2,1,142,30
TransferCal-CP-affine-localsigma,0.1,0.9,0.9863013698630136,0.08630136986301362,29.7924259086615,0.7206682607995842,30.714551469303984,6.438154092483922,5.2381612578028065,0.246175709157756,0.001007080078125,True,target,D2,1,142,30
TransferCal-CP-affine-localsigma,0.2,0.8,0.9452054794520548,0.14520547945205475,24.20220943536198,0.5854428986334675,25.28533806271648,6.438154092483922,5.2381612578028065,0.246175709157756,0.0010001659393310547,True,target,D2,1,142,30
TransferCal-CP-affine-localsigma,0.3,0.7,0.9041095890410958,0.20410958904109588,21.832897783311523,0.5281300865512873,23.20375914392209,6.438154092483922,5.2381612578028065,0.246175709157756,0.0,True,target,D2,1,142,30
AdaptiveJackknifeCP,0.05,0.95,0.9726027397260274,0.022602739726027443,26.225381836553545,0.6343827244849956,29.49983290569406,4.884719242604022,3.6875585693260766,0.5660630743520768,0.0009996891021728516,True,target,D2,1,142,30
AdaptiveJackknifeCP,0.1,0.9,0.9315068493150684,0.03150684931506842,17.55663172175682,0.42468872079124165,22.764094394516093,4.884719242604022,3.6875585693260766,0.5660630743520768,0.0015072822570800781,True,target,D2,1,142,30
AdaptiveJackknifeCP,0.2,0.8,0.863013698630137,0.06301369863013695,13.746122187472157,0.33251384093243874,18.080551804323935,4.884719242604022,3.6875585693260766,0.5660630743520768,0.0014052391052246094,True,target,D2,1,142,30
AdaptiveJackknifeCP,0.3,0.7,0.7945205479452054,0.09452054794520548,10.738240748604555,0.2597542512338416,15.393809259717571,4.884719242604022,3.6875585693260766,0.5660630743520768,0.001004934310913086,True,target,D2,1,142,30
AdaptiveSplitCP,0.1,0.9,0.9863013698630136,0.08630136986301362,24.835847248316828,0.6007703735440039,26.624221433214515,5.082849108314058,3.858397183072383,0.5301471902498243,0.0,True,target,D2,1,142,30
AdaptiveSplitCP,0.2,0.8,0.8082191780821918,0.008219178082191747,12.560993501000633,0.3038459965641551,18.14777231100682,5.082849108314058,3.858397183072383,0.5301471902498243,0.0,True,target,D2,1,142,30
AdaptiveSplitCP,0.3,0.7,0.7808219178082192,0.08082191780821923,11.517600371411476,0.2786066852594438,15.98705211401346,5.082849108314058,3.858397183072383,0.5301471902498243,0.0,True,target,D2,1,142,30
SplitCP,0.1,0.9,0.08,0.8200000000000001,3.2555894476999896,0.09838590047495105,184.34649060990864,12.118332900690257,10.603635500052214,-1.099262281050537,0.0009999275207519531,True,target,D3,2,142,10
SplitCP,0.2,0.8,0.08,0.7200000000000001,2.0816281370520504,0.06290807302577725,98.0273007471369,12.118332900690257,10.603635500052214,-1.099262281050537,0.0005042552947998047,True,target,D3,2,142,10
SplitCP,0.3,0.7,0.04,0.6599999999999999,1.532853352056563,0.046323764025183595,67.24354133647621,12.118332900690257,10.603635500052214,-1.099262281050537,0.0,True,target,D3,2,142,10
TargetOnlyCP,0.1,0.9,0.84,0.06000000000000005,25.699999999999996,0.7766696884929978,38.25199999999999,8.490248052913413,6.0336,-0.030437612729249608,0.0,True,target,D3,2,142,10
TargetOnlyCP,0.2,0.8,0.84,0.039999999999999925,24.13999999999999,0.7295255361953681,31.66399999999999,8.490248052913413,6.0336,-0.030437612729249608,0.0,True,target,D3,2,142,10
TargetOnlyCP,0.3,0.7,0.76,0.06000000000000005,22.739999999999995,0.6872166815692906,28.833333333333336,8.490248052913413,6.0336,-0.030437612729249608,0.0,True,target,D3,2,142,10
TransferCal-CP-affine-localsigma,0.1,0.9,0.92,0.020000000000000018,19.05909620434845,0.5759775218672913,23.93598127299793,5.544235893323183,4.462744490515061,0.5605956567704464,0.0,True,target,D3,2,142,10
TransferCal-CP-affine-localsigma,0.2,0.8,0.84,0.039999999999999925,13.901858634273701,0.42012265427840656,19.518761907965057,5.544235893323183,4.462744490515061,0.5605956567704464,0.0009987354278564453,True,target,D3,2,142,10
TransferCal-CP-affine-localsigma,0.3,0.7,0.84,0.14,13.567429376043124,0.4100159979432748,17.49039382956034,5.544235893323183,4.462744490515061,0.5605956567704464,0.0,True,target,D3,2,142,10
AdaptiveJackknifeCP,0.1,0.9,1.0,0.09999999999999998,32.09176422475989,0.9698327051998054,32.09176422475989,6.543117210397437,5.331392889927602,0.3880015174790792,0.0010004043579101562,True,target,D3,2,142,10
AdaptiveJackknifeCP,0.2,0.8,0.88,0.07999999999999996,22.28431927926545,0.6734457320196733,24.97283034928025,6.543117210397437,5.331392889927602,0.3880015174790792,0.0,True,target,D3,2,142,10
AdaptiveJackknifeCP,0.3,0.7,0.8,0.10000000000000009,16.58636167398405,0.5012499748858129,20.601155444713775,6.543117210397437,5.331392889927602,0.3880015174790792,0.0,True,target,D3,2,142,10
AdaptiveSplitCP,0.1,0.9,0.84,0.06000000000000005,25.699999999999996,0.7766696884929978,38.25199999999999,8.490248052913413,6.0336,-0.030437612729249608,0.0010051727294921875,True,target,D3,2,142,10
AdaptiveSplitCP,0.2,0.8,0.84,0.039999999999999925,24.13999999999999,0.7295255361953681,31.66399999999999,8.490248052913413,6.0336,-0.030437612729249608,0.00099945068359375,True,target,D3,2,142,10
AdaptiveSplitCP,0.3,0.7,0.76,0.06000000000000005,22.739999999999995,0.6872166815692906,28.833333333333336,8.490248052913413,6.0336,-0.030437612729249608,0.0,True,target,D3,2,142,10
SplitCP,0.1,0.9,0.046242774566473986,0.8537572254335261,2.979470229916658,0.05142049986916097,221.34954515947823,14.137850053528183,12.376754029640624,-0.2672584894535128,0.0,True,target,D4,3,142,10
SplitCP,0.2,0.8,0.03468208092485549,0.7653179190751446,2.063060407299872,0.035604852278252705,115.66275050745459,14.137850053528183,12.376754029640624,-0.2672584894535128,0.0010008811950683594,True,target,D4,3,142,10
SplitCP,0.3,0.7,0.011560693641618497,0.6884393063583815,1.2206686888922036,0.02106662906956656,79.70253937131066,14.137850053528183,12.376754029640624,-0.2672584894535128,0.001001596450805664,True,target,D4,3,142,10
TargetOnlyCP,0.1,0.9,0.9595375722543352,0.0595375722543352,60.0896434710076,1.0370432546074824,64.06842076326873,12.879429588798725,10.118645663008031,-0.051699639891272575,0.0,True,target,D4,3,142,10
TargetOnlyCP,0.2,0.8,0.7283236994219653,0.07167630057803476,26.31574915967143,0.45416428821294463,46.08597881945357,12.879429588798725,10.118645663008031,-0.051699639891272575,0.0,True,target,D4,3,142,10
TargetOnlyCP,0.3,0.7,0.7167630057803468,0.01676300578034684,25.140757960402222,0.43388597356437786,39.4101946794511,12.879429588798725,10.118645663008031,-0.051699639891272575,0.0,True,target,D4,3,142,10
TransferCal-CP-affine-localsigma,0.1,0.9,0.9884393063583815,0.08843930635838149,39.43520202507365,0.6805833400212752,39.783122066457004,9.524979268865387,8.081558035616418,0.42478984445739776,0.0010008811950683594,True,target,D4,3,142,10
TransferCal-CP-affine-localsigma,0.2,0.8,0.9710982658959537,0.17109826589595367,38.245184190044725,0.6600456916447328,38.56576763920959,9.524979268865387,8.081558035616418,0.42478984445739776,0.0009999275207519531,True,target,D4,3,142,10
TransferCal-CP-affine-localsigma,0.3,0.7,0.791907514450867,0.09190751445086709,23.749959473079294,0.40988319860212613,28.814364824870665,9.524979268865387,8.081558035616418,0.42478984445739776,0.0,True,target,D4,3,142,10
AdaptiveJackknifeCP,0.1,0.9,0.9942196531791907,0.09421965317919068,27.702275423648985,0.47809333199380505,27.739216525631523,5.024725759596385,3.5741836185651628,0.839925116535534,0.0,True,target,D4,3,142,10
AdaptiveJackknifeCP,0.2,0.8,0.9653179190751445,0.16531791907514448,22.80605121730168,0.393592975643909,23.31087721435027,5.024725759596385,3.5741836185651628,0.839925116535534,0.0009999275207519531,True,target,D4,3,142,10
AdaptiveJackknifeCP,0.3,0.7,0.8901734104046243,0.19017341040462432,17.788535429558724,0.3069993365074755,20.18975388677133,5.024725759596385,3.5741836185651628,0.839925116535534,0.0010013580322265625,True,target,D4,3,142,10
AdaptiveSplitCP,0.1,0.9,0.9595375722543352,0.0595375722543352,60.0896434710076,1.0370432546074824,64.06842076326873,12.879429588798725,10.118645663008031,-0.051699639891272575,0.00099945068359375,True,target,D4,3,142,10
AdaptiveSplitCP,0.2,0.8,0.7283236994219653,0.07167630057803476,26.31574915967143,0.45416428821294463,46.08597881945357,12.879429588798725,10.118645663008031,-0.051699639891272575,0.0010023117065429688,True,target,D4,3,142,10
AdaptiveSplitCP,0.3,0.7,0.7167630057803468,0.01676300578034684,25.140757960402222,0.43388597356437786,39.4101946794511,12.879429588798725,10.118645663008031,-0.051699639891272575,0.0,True,target,D4,3,142,10
SplitCP,0.1,0.9,0.047619047619047616,0.8523809523809525,2.9794702299166573,0.051420499869160946,224.32445012111432,14.255608147805054,12.524562229157075,-0.254496765407225,0.0009996891021728516,True,target,D4,3,142,15
SplitCP,0.2,0.8,0.03571428571428571,0.7642857142857143,2.063060407299872,0.035604852278252705,117.14522095024552,14.255608147805054,12.524562229157075,-0.254496765407225,0.0010023117065429688,True,target,D4,3,142,15
SplitCP,0.3,0.7,0.011904761904761904,0.6880952380952381,1.2206686888922036,0.02106662906956656,80.68909024847756,14.255608147805054,12.524562229157075,-0.254496765407225,0.0009980201721191406,True,target,D4,3,142,15
TargetOnlyCP,0.1,0.9,0.9642857142857143,0.06428571428571428,56.47859068509659,0.9747227328445702,58.230237009135394,13.319507983388446,10.944027555577247,-0.09515203006389616,0.0009996891021728516,True,target,D4,3,142,15
TargetOnlyCP,0.2,0.8,0.9464285714285714,0.14642857142857135,52.148418551871615,0.8999914556617243,53.989627559887424,13.319507983388446,10.944027555577247,-0.09515203006389616,0.0,True,target,D4,3,142,15
TargetOnlyCP,0.3,0.7,0.8988095238095238,0.19880952380952388,42.12194639983634,0.7269518982245965,45.809282278027965,13.319507983388446,10.944027555577247,-0.09515203006389616,0.0,True,target,D4,3,142,15
TransferCal-CP-affine-localsigma,0.1,0.9,0.9583333333333334,0.05833333333333335,34.86818864245642,0.6017645927536125,37.12289369135417,8.936777392595129,7.055062785599913,0.5069852327199851,0.0,True,target,D4,3,142,15
TransferCal-CP-affine-localsigma,0.2,0.8,0.8452380952380952,0.04523809523809519,26.64445347112217,0.45983715576981166,31.847921522093458,8.936777392595129,7.055062785599913,0.5069852327199851,0.0,True,target,D4,3,142,15
TransferCal-CP-affine-localsigma,0.3,0.7,0.7738095238095238,0.07380952380952388,22.295200538331258,0.38477657700786894,28.652015158528066,8.936777392595129,7.055062785599913,0.5069852327199851,0.0,True,target,D4,3,142,15
AdaptiveJackknifeCP,0.1,0.9,1.0,0.09999999999999998,29.92194823610771,0.5164010433501983,29.92194823610771,3.1416473103277975,2.4830820404602485,0.9390725636941339,0.0,True,target,D4,3,142,15
AdaptiveJackknifeCP,0.2,0.8,0.9821428571428571,0.18214285714285705,15.395137495196858,0.2656934301973638,15.487925131253446,3.1416473103277975,2.4830820404602485,0.9390725636941339,0.0,True,target,D4,3,142,15
AdaptiveJackknifeCP,0.3,0.7,0.9523809523809523,0.2523809523809524,13.461003270762891,0.23231362071451206,13.757779830810327,3.1416473103277975,2.4830820404602485,0.9390725636941339,0.0007863044738769531,True,target,D4,3,142,15
AdaptiveSplitCP,0.1,0.9,1.0,0.09999999999999998,34.97504439280903,0.6036087380791322,34.97504439280903,6.851394972539065,5.142614921174857,0.7102282411378236,0.0013599395751953125,True,target,D4,3,142,15
AdaptiveSplitCP,0.2,0.8,0.9166666666666666,0.11666666666666659,27.173430225139896,0.46896637909201233,28.53855615142942,6.851394972539065,5.142614921174857,0.7102282411378236,0.0010042190551757812,True,target,D4,3,142,15
AdaptiveSplitCP,0.3,0.7,0.8928571428571429,0.19285714285714295,24.33383925857812,0.4199599532319879,26.15354723649013,6.851394972539065,5.142614921174857,0.7102282411378236,0.0,True,target,D4,3,142,15
SplitCP,0.05,0.95,0.05521472392638037,0.8947852760736196,3.775373266083414,0.06515640887611965,421.3810456060555,14.07845070715575,12.285180694891356,-0.21750944674856032,0.0,True,target,D4,3,142,20
SplitCP,0.1,0.9,0.04294478527607362,0.8570552147239264,2.9794702299166578,0.05142049986916096,219.3784388228425,14.07845070715575,12.285180694891356,-0.21750944674856032,0.0,True,target,D4,3,142,20
SplitCP,0.2,0.8,0.03067484662576687,0.7693251533742331,2.063060407299872,0.035604852278252705,114.69503834733293,14.07845070715575,12.285180694891356,-0.21750944674856032,0.0,True,target,D4,3,142,20
SplitCP,0.3,0.7,0.006134969325153374,0.6938650306748466,1.2206686888922036,0.02106662906956656,79.07099110876082,14.07845070715575,12.285180694891356,-0.21750944674856032,0.0,True,target,D4,3,142,20
TargetOnlyCP,0.1,0.9,0.9325153374233128,0.03251533742331281,37.65765782842675,0.6499060034218535,43.950751198524124,9.990764561195231,7.795971349465147,0.38685942080666735,0.0,True,target,D4,3,142,20
TargetOnlyCP,0.2,0.8,0.7116564417177914,0.08834355828220863,20.00835325380134,0.34530955051629997,36.69655929730846,9.990764561195231,7.795971349465147,0.38685942080666735,0.0,True,target,D4,3,142,20
TargetOnlyCP,0.3,0.7,0.6809815950920245,0.01901840490797546,18.857182217814113,0.3254423306625816,31.165797012959555,9.990764561195231,7.795971349465147,0.38685942080666735,0.0009996891021728516,True,target,D4,3,142,20
TransferCal-CP-affine-localsigma,0.1,0.9,0.9693251533742331,0.06932515337423306,32.95158514973408,0.5686873333612543,36.15605888392571,8.625503518634387,7.0246356008547615,0.5429838748384066,0.0,True,target,D4,3,142,20
TransferCal-CP-affine-localsigma,0.2,0.8,0.7177914110429447,0.0822085889570553,19.009029359090988,0.3280629495329297,30.728841416837593,8.625503518634387,7.0246356008547615,0.5429838748384066,0.0,True,target,D4,3,142,20
TransferCal-CP-affine-localsigma,0.3,0.7,0.6196319018404908,0.08036809815950918,14.74392625129649,0.2544546511199465,27.386342909988638,8.625503518634387,7.0246356008547615,0.5429838748384066,0.0,True,target,D4,3,142,20
AdaptiveJackknifeCP,0.05,0.95,0.9263803680981595,0.023619631901840465,21.645543507642827,0.37356462096075366,31.644023680648186,4.352405828888919,3.190743314416954,0.883635267106208,0.0010042190551757812,True,target,D4,3,142,20
AdaptiveJackknifeCP,0.1,0.9,0.8773006134969326,0.022699386503067465,14.170345321187748,0.24455563691082155,22.658506035458576,4.352405828888919,3.190743314416954,0.883635267106208,0.0010006427764892578,True,target,D4,3,142,20
AdaptiveJackknifeCP,0.2,0.8,0.7791411042944786,0.020858895705521463,8.702672146903804,0.15019306032929727,15.746151919188183,4.352405828888919,3.190743314416954,0.883635267106208,0.0009996891021728516,True,target,D4,3,142,20
AdaptiveJackknifeCP,0.3,0.7,0.6871165644171779,0.012883435582822012,7.086301817321583,0.12229730574640177,12.968962408327224,4.352405828888919,3.190743314416954,0.883635267106208,0.0009999275207519531,True,target,D4,3,142,20
AdaptiveSplitCP,0.1,0.9,0.9325153374233128,0.03251533742331281,14.759189713775868,0.25471807206724884,18.591899337502877,4.076044673561674,3.189084165797896,0.8979435444844586,0.0,True,target,D4,3,142,20
AdaptiveSplitCP,0.2,0.8,0.9141104294478528,0.11411042944785277,12.997685061146736,0.2243175502393881,15.581910359953186,4.076044673561674,3.189084165797896,0.8979435444844586,0.0,True,target,D4,3,142,20
AdaptiveSplitCP,0.3,0.7,0.7791411042944786,0.07914110429447863,8.782246728983763,0.15156637990347724,12.452458437066815,4.076044673561674,3.189084165797896,0.8979435444844586,0.0,True,target,D4,3,142,20
SplitCP,0.05,0.95,0.06535947712418301,0.884640522875817,3.7753732660834136,0.06515640887611963,420.16758130991866,14.034374485588765,12.239959509827882,-0.2194406865024039,0.0,True,target,D4,3,142,30
SplitCP,0.1,0.9,0.05228758169934641,0.8477124183006536,2.9794702299166573,0.051420499869160946,218.69596804896395,14.034374485588765,12.239959509827882,-0.2194406865024039,0.0,True,target,D4,3,142,30
SplitCP,0.2,0.8,0.0392156862745098,0.7607843137254903,2.063060407299872,0.035604852278252705,114.31408005968633,14.034374485588765,12.239959509827882,-0.2194406865024039,0.0,True,target,D4,3,142,30
SplitCP,0.3,0.7,0.013071895424836602,0.6869281045751634,1.2206686888922036,0.02106662906956656,78.79568345898019,14.034374485588765,12.239959509827882,-0.2194406865024039,0.0009999275207519531,True,target,D4,3,142,30
TargetOnlyCP,0.1,0.9,0.9738562091503268,0.07385620915032676,48.379394459159016,0.8349446225300458,51.05163462546449,9.313493335284992,6.689264616261945,0.46296848097910304,0.0,True,target,D4,3,142,30
TargetOnlyCP,0.2,0.8,0.8235294117647058,0.0235294117647058,22.1804186098145,0.3827956395643546,35.03568931544483,9.313493335284992,6.689264616261945,0.46296848097910304,0.0,True,target,D4,3,142,30
TargetOnlyCP,0.3,0.7,0.7712418300653595,0.07124183006535956,19.61557643571584,0.33853090237939953,29.91786195592498,9.313493335284992,6.689264616261945,0.46296848097910304,0.0,True,target,D4,3,142,30
TransferCal-CP-affine-localsigma,0.1,0.9,0.7843137254901961,0.11568627450980395,21.42754810069102,0.3698023975016669,44.038568748620364,9.084979532496915,7.0431642370006236,0.48899815766478427,0.0009989738464355469,True,target,D4,3,142,30
TransferCal-CP-affine-localsigma,0.2,0.8,0.6862745098039216,0.11372549019607847,16.423021421562908,0.283432927900852,34.40585057012166,9.084979532496915,7.0431642370006236,0.48899815766478427,0.0010001659393310547,True,target,D4,3,142,30
TransferCal-CP-affine-localsigma,0.3,0.7,0.6209150326797386,0.07908496732026138,15.261130860661536,0.26338070759842613,28.57850194152442,9.084979532496915,7.0431642370006236,0.48899815766478427,0.0009999275207519531,True,target,D4,3,142,30
AdaptiveJackknifeCP,0.05,0.95,0.954248366013072,0.004248366013071991,14.182187224925851,0.24476000767563125,16.935566979915535,3.3488568148331797,2.724196898342093,0.9305667142542705,0.0009996891021728516,True,target,D4,3,142,30
AdaptiveJackknifeCP,0.1,0.9,0.7189542483660131,0.18104575163398695,7.3970872165021575,0.12766092388812386,16.56351648606713,3.3488568148331797,2.724196898342093,0.9305667142542705,0.001001119613647461,True,target,D4,3,142,30
AdaptiveJackknifeCP,0.2,0.8,0.6339869281045751,0.1660130718954249,6.467041224826919,0.11160993961814913,12.151885765021555,3.3488568148331797,2.724196898342093,0.9305667142542705,0.0010006427764892578,True,target,D4,3,142,30
AdaptiveJackknifeCP,0.3,0.7,0.5555555555555556,0.14444444444444438,5.31716299222636,0.09176503131354695,10.784934656421814,3.3488568148331797,2.724196898342093,0.9305667142542705,0.00099945068359375,True,target,D4,3,142,30
AdaptiveSplitCP,0.1,0.9,0.9738562091503268,0.07385620915032676,15.443412106419428,0.26652656644256917,16.63418231845791,3.37438219999227,2.608136271908157,0.9295042228765008,0.0,True,target,D4,3,142,30
AdaptiveSplitCP,0.2,0.8,0.6339869281045751,0.1660130718954249,5.6264431746772345,0.09710267201945665,12.945930281576635,3.37438219999227,2.608136271908157,0.9295042228765008,0.0015053749084472656,True,target,D4,3,142,30
AdaptiveSplitCP,0.3,0.7,0.6078431372549019,0.09215686274509804,5.3747611238405995,0.09275907538534046,10.571811265944266,3.37438219999227,2.608136271908157,0.9295042228765008,0.0010056495666503906,True,target,D4,3,142,30
SplitCP,0.05,0.95,0.05263157894736842,0.8973684210526316,3.7753732660834136,0.06515640887611963,419.9845079041061,13.882174278737782,12.244408991140924,-0.21683887193981022,0.0010006427764892578,True,target,D4,3,142,50
SplitCP,0.1,0.9,0.045112781954887216,0.8548872180451128,2.9794702299166578,0.05142049986916096,218.68173588349327,13.882174278737782,12.244408991140924,-0.21683887193981022,0.0,True,target,D4,3,142,50
SplitCP,0.2,0.8,0.03007518796992481,0.7699248120300752,2.063060407299872,0.035604852278252705,114.3474040583175,13.882174278737782,12.244408991140924,-0.21683887193981022,0.0,True,target,D4,3,142,50
SplitCP,0.3,0.7,0.015037593984962405,0.6849624060150376,1.2206686888922036,0.02106662906956656,78.8319903270134,13.882174278737782,12.244408991140924,-0.21683887193981022,0.0,True,target,D4,3,142,50
TargetOnlyCP,0.05,0.95,0.8721804511278195,0.07781954887218046,25.809589434452388,0.44542884732044463,43.304236755535776,8.25836080310191,6.536397468039228,0.5693684983147711,0.0,True,target,D4,3,142,50
TargetOnlyCP,0.1,0.9,0.7593984962406015,0.1406015037593985,18.90614454198413,0.3262873356430974,40.34040172226545,8.25836080310191,6.536397468039228,0.5693684983147711,0.0,True,target,D4,3,142,50
TargetOnlyCP,0.2,0.8,0.7142857142857143,0.08571428571428574,17.313582170992877,0.29880246522320497,30.090511677734003,8.25836080310191,6.536397468039228,0.5693684983147711,0.0009996891021728516,True,target,D4,3,142,50
TargetOnlyCP,0.3,0.7,0.6541353383458647,0.045864661654135275,15.57460155601107,0.26879066930482565,25.885129924462976,8.25836080310191,6.536397468039228,0.5693684983147711,0.0,True,target,D4,3,142,50
TransferCal-CP-affine-localsigma,0.05,0.95,0.9849624060150376,0.03496240601503764,36.2171473252744,0.6250452850984679,39.443908882324166,8.110035929597442,6.45823366903141,0.5846983594084912,0.0010001659393310547,True,target,D4,3,142,50
TransferCal-CP-affine-localsigma,0.1,0.9,0.9398496240601504,0.03984962406015036,30.17262717431292,0.5207273279962923,33.60433508563158,8.110035929597442,6.45823366903141,0.5846983594084912,0.0010001659393310547,True,target,D4,3,142,50
TransferCal-CP-affine-localsigma,0.2,0.8,0.9172932330827067,0.11729323308270667,28.442126123590132,0.49086187468221,30.779840101695044,8.110035929597442,6.45823366903141,0.5846983594084912,0.0006339550018310547,True,target,D4,3,142,50
TransferCal-CP-affine-localsigma,0.3,0.7,0.8195488721804511,0.11954887218045118,23.875547065026915,0.4120506230960743,27.217306352514864,8.110035929597442,6.45823366903141,0.5846983594084912,0.0010037422180175781,True,target,D4,3,142,50
AdaptiveJackknifeCP,0.05,0.95,0.9699248120300752,0.019924812030075234,17.360318851652583,0.2996090594484524,18.725838438545466,3.2725887405422416,2.450991657392567,0.9323759847478317,0.0020029544830322266,True,target,D4,3,142,50
AdaptiveJackknifeCP,0.1,0.9,0.924812030075188,0.024812030075187952,12.319915124506746,0.21262041408800836,15.12320398939099,3.2725887405422416,2.450991657392567,0.9323759847478317,0.002000570297241211,True,target,D4,3,142,50
AdaptiveJackknifeCP,0.2,0.8,0.8721804511278195,0.07218045112781946,9.469550660807156,0.1634280563121008,12.201140381202539,3.2725887405422416,2.450991657392567,0.9323759847478317,0.002000093460083008,True,target,D4,3,142,50
AdaptiveJackknifeCP,0.3,0.7,0.7819548872180451,0.08195488721804511,7.935704784596771,0.13695653097680807,10.515096805623006,3.2725887405422416,2.450991657392567,0.9323759847478317,0.002000093460083008,True,target,D4,3,142,50
AdaptiveSplitCP,0.05,0.95,0.9849624060150376,0.03496240601503764,16.395620863135676,0.2829600416820621,17.114866210714844,3.2803564861579497,2.5563685774069835,0.9320545819724831,0.0,True,target,D4,3,142,50
AdaptiveSplitCP,0.1,0.9,0.8947368421052632,0.0052631578947368585,10.270741500100284,0.17725522364989882,13.851337966527131,3.2803564861579497,2.5563685774069835,0.9320545819724831,0.0,True,target,D4,3,142,50
AdaptiveSplitCP,0.2,0.8,0.7518796992481203,0.048120300751879785,7.92210700916084,0.13672185690522196,11.664534407749803,3.2803564861579497,2.5563685774069835,0.9320545819724831,0.0,True,target,D4,3,142,50
AdaptiveSplitCP,0.3,0.7,0.7293233082706767,0.02932330827067675,7.602587685277442,0.13120750633814138,10.379829948030517,3.2803564861579497,2.5563685774069835,0.9320545819724831,0.0,True,target,D4,3,142,50
