seed,held_out,source_resid_sd,target_bias_mpa,std_bias,target_resid_sd_ratio
142,D1,0.9047032323397484,-3.4971461752698847,3.8655174981806426,12.623252065112798
142,D2,1.0251034325650963,16.69050534775539,16.281776860302834,6.20907303068944
142,D3,1.914445734473001,10.59628408985317,5.534909608064739,2.8292683425151726
142,D4,1.1097856669125754,-10.789354327421078,9.722016285754592,7.776276000361299
143,D1,0.8679898691528154,-3.329313124038898,3.8356589660296483,13.419356866132008
143,D2,1.8863731629258795,18.482614020584748,9.797962769952203,3.49171104698221
143,D3,1.2453724603503944,11.268205623292385,9.048060706370523,3.9511344047682435
143,D4,1.1137503031967984,-10.345931461483374,9.28927375533586,7.47927399444296
144,D1,0.5910903872999203,-3.3618384104928745,5.687520018468972,19.453548474979275
144,D2,1.0543856726645593,17.855654474821748,16.93465203268398,6.631309779040448
144,D3,1.1152930813811843,10.487402206926987,9.403270209422745,4.647082353458912
144,D4,1.0447245207963811,-9.194098251916998,8.80050010208284,8.3849164932368
145,D1,0.7956028677748549,-2.9645697769945456,3.7261929249775902,14.366127537761797
145,D2,0.806543577430893,18.696348814145626,23.180829080183933,7.540242360862963
145,D3,1.8539046909813903,11.89661338573587,6.417057707232098,2.6193200858138312
145,D4,1.1183657042888855,-11.060394364275291,9.889783209427062,8.110954898384247
146,D1,0.6153015861180527,-3.9119602991093565,6.3577932957884515,18.278528364727613
146,D2,1.3349462755040888,19.262275207704704,14.429251244909523,4.357671323379264
146,D3,1.2742918644835963,8.295325319356616,6.509753024844333,4.27361015396625
146,D4,1.4331618389612792,-10.612423643058564,7.404902471273021,6.504012652372754
147,D1,0.6268118677332204,-3.5540088114111468,5.66997690114537,18.218795369068246
147,D2,1.2056722906677706,18.068105350542588,14.985917392640278,5.266830649899558
147,D3,1.049720492791934,10.304592514638106,9.816510762051578,4.5993000363914005
147,D4,0.9240298618597366,-9.586731745358762,10.374915509834446,9.983400750762197
148,D1,0.7400136319382187,-3.227873073271777,4.361910286459779,15.410083829238587
148,D2,1.0418768960552156,18.311728321806104,17.575712054983175,5.854761461147275
148,D3,1.9787813598767625,10.38677202953732,5.249075132880877,2.71518053743695
148,D4,1.2370230921726575,-11.373510403751643,9.194258761795359,7.099467774872933
149,D1,0.9447343123237609,-3.3895055918333443,3.587787113920087,12.284890321133892
149,D2,1.4140740156734124,17.774343159856574,12.569598877320471,4.923989448339889
149,D3,1.0978504728665597,10.726115973252057,9.770106438307089,4.754198246755483
149,D4,1.9518293549169872,-7.8139156537726295,4.003380538410317,4.376220199213042
150,D1,0.8056221626635917,-3.6275140237322305,4.502748548697751,14.510459605906899
150,D2,1.2839654221659698,18.51967697012902,14.42381286163258,4.954609324406501
150,D3,0.9000502638512846,10.643516489586537,11.825468995523972,6.05677716668962
150,D4,1.3690705441687387,-9.895099517188285,7.2276038362919515,7.06314528406384
151,D1,0.650645429129209,-3.227846445774095,4.960991503612163,17.866063091113954
151,D2,1.1423998539956883,17.835338702437934,15.612168226437158,5.337671479227538
151,D3,0.8765645515380086,10.459884053071288,11.932816624535539,7.180448841797583
151,D4,1.0692999337977884,-10.323828041133975,9.654754213317176,8.133594755672911
