fold,method,n_seeds,coverage,width,winkler,winkler_lo,winkler_hi
D1,AdaptiveJackknifeCP,50,0.9299238302502719,53.70807618094153,68.17877221187865,63.25778300334637,73.82058685550689
D1,AdaptiveJackknifeCP-exactJK+,50,0.9190859630032645,50.35879262717354,65.22354828819847,60.20270433944237,70.75783360304672
D1,AdaptiveSplitCP,50,0.9209793253536452,110.38045424435052,151.2877769956216,118.72728260705223,187.27765282145774
D1,SplitCP-source,50,0.07523394994559299,2.5835779398171144,176.9555425891233,175.43385923730068,178.37432077278686
D1,StackedOnlyCP,50,0.9297062023939064,53.509121718686714,68.01317966665846,62.870171741472056,73.60035892246928
D1,TargetOnlyCP,50,0.9055059847660502,94.49972565217485,132.0827759581649,107.27705192338584,160.0522796362393
D1,TargetOnlyJKplus,50,0.9184766050054407,58.61451204536147,84.7039970582557,75.55270201563742,95.72647518978063
D1,TargetOnlyJKplus-exactJK+,50,0.9000435255712732,54.43535817438987,82.98001623819441,74.54503204423945,92.90188342628153
D1,TransferCal-CP-affine-localsigma,50,0.9021545157780197,47.6003628613429,57.820525272943804,55.08913548472794,60.80324103853489
D2,AdaptiveJackknifeCP,50,0.8973493975903614,19.223738716566018,26.94932250537213,24.87441021888632,29.738186540922783
D2,AdaptiveJackknifeCP-exactJK+,50,0.8939759036144578,18.731458628038414,25.910261430827763,24.734296531494397,27.353755587107557
D2,AdaptiveSplitCP,50,0.9149397590361446,25.992198432584743,32.053678328105896,29.36482206536731,35.08499777775654
D2,SplitCP-source,50,0.001445783132530116,3.2047499252581004,337.2755585595176,333.3564465810664,340.9845036476044
D2,StackedOnlyCP,50,0.8968674698795179,19.212423795001968,26.920312788672096,24.907268624099842,29.729432515586733
D2,TargetOnlyCP,50,0.8968674698795179,21.51925311074962,27.950524496425896,26.76603981429289,29.279766853381403
D2,TargetOnlyJKplus,50,0.9130120481927709,20.000326993587393,25.656509719093652,24.861336420840612,26.536496469732057
D2,TargetOnlyJKplus-exactJK+,50,0.9026506024096385,18.828403004334117,25.06015945513673,24.443324807526725,25.71862387821498
D2,TransferCal-CP-affine-localsigma,50,0.909156626506024,27.152816597279514,33.71642780414465,32.19794669260999,35.5826308931817
D4,AdaptiveJackknifeCP,50,0.9026993865030676,14.369347358209325,18.62661599765071,17.693204486421735,19.58733183770969
D4,AdaptiveJackknifeCP-exactJK+,50,0.9039263803680982,13.988588519580617,18.443189851401108,17.4842209585554,19.46662302370749
D4,AdaptiveSplitCP,50,0.9089570552147239,20.55884068835617,25.67112027752024,23.10513659012939,28.47008446779224
D4,SplitCP-source,50,0.05521472392638031,3.2069314441670955,208.03411547975898,202.9657778189499,213.02160887843704
D4,StackedOnlyCP,50,0.9026993865030676,14.369347358209325,18.62661599765071,17.6967311018405,19.566192822813203
D4,TargetOnlyCP,50,0.9277300613496934,43.545250287488756,51.04915990497319,46.8083106020626,56.31885800928124
D4,TargetOnlyJKplus,50,0.9170552147239265,31.61269354216206,40.08266980506433,38.54893059153547,41.721137219550776
D4,TargetOnlyJKplus-exactJK+,50,0.9060122699386502,30.544053516382387,40.42884062882414,38.912303935981384,42.15974445770922
D4,TransferCal-CP-affine-localsigma,50,0.914723926380368,38.948922023548604,47.6366438229665,44.8995007038401,50.89484118109619
