method,without D1,without D2,without D4,all three
AdaptiveJackknifeCP,22.78796925151142,43.402694104764684,47.56404735862539,37.918236904967166
AdaptiveJackknifeCP-exactJK+,22.176725641114437,41.8333690697998,45.56690485951312,36.525666523475785
StackedOnlyCP,22.773464393161404,43.31989783215459,47.466746227665276,37.85336948432709
TargetOnlyJKplus,32.86958976207899,62.393333431660004,55.180253388674664,50.147725527471216
TargetOnlyJKplus-exactJK+,32.74450004198044,61.70442843350927,54.020087846665575,49.4896721073851
TransferCal-CP-affine-localsigma,40.676535813555574,52.72858454795515,45.76847653854422,46.39119896668498
AdaptiveSplitCP,28.862399302813067,88.47944863657091,91.67072766186374,69.67085853374924
TargetOnlyCP,39.49984220069955,91.56596793156903,80.0166502272954,70.36082011985467
SplitCP-source,272.6548370196383,192.49482903444112,257.1155505743204,240.75507220946665
