method,cov (all),cov (no D4),width (all),width (no D4),Winkler (all),Winkler (no D4)
AdaptiveJackknifeCP,0.9099908714479003,0.9136366139203167,29.100387418572293,36.465907448753775,37.918236904967166,47.56404735862539
AdaptiveJackknifeCP-exactJK+,0.9056627489952734,0.9065309333088611,27.69294659159753,34.545125627605984,36.525666523475785,45.56690485951312
StackedOnlyCP,0.9097576862588307,0.9132868361367122,29.030297623966003,36.36077275684434,37.85336948432709,47.466746227665276
TargetOnlyJKplus,0.9161812893073794,0.9157443265991059,36.74251086037031,39.30741951947443,50.147725527471216,55.180253388674664
TargetOnlyJKplus-exactJK+,0.902902132639854,0.9013470639904558,34.60260489836879,36.63188058936199,49.4896721073851,54.020087846665575
TransferCal-CP-affine-localsigma,0.9086783562214705,0.9056555711420218,37.900700494057006,37.376589729311206,46.39119896668498,45.76847653854422
AdaptiveSplitCP,0.9149587132015046,0.917959542194895,52.310497788430474,68.18632633846764,69.67085853374924,91.67072766186374
TargetOnlyCP,0.9100345053317538,0.901186727322784,53.18807635013773,58.00948938146222,70.36082011985467,80.0166502272954
SplitCP-source,0.04396481900150114,0.03833986653906156,2.998419769747437,2.894163932537607,240.75507220946665,257.1155505743204
