seed,source,target,n_source,n_target,w1_all,w1_phys,mmd_phys,auc_all,auc_phys,bias_mpa,std_bias,resid_scale_ratio,splitcp_coverage,splitcp_width,splitcp_winkler,coverage_deficit
142,D1,D2,939,103,1.8618544610493746,1.691228764090426,0.4924255907535553,0.9997416413373861,0.9633080040526849,17.690759752276605,11.957974617725972,4.58749394129859,0.0,3.325399795237622,323.8865968883935,0.9
142,D1,D3,939,35,2.134767076136331,1.9090434260089035,0.7170038223266602,1.0,0.9528590933472035,12.264258421267861,5.4187737233802125,1.8917648676319163,0.0,2.9634189710715333,218.61439768571344,0.9
142,D1,D4,939,183,1.2833261605627881,1.403798473923159,0.23202969133853912,1.0,0.5040378670854266,-9.214422340830634,9.160831683228155,8.31381163718082,0.07650273224043716,2.854324529014534,183.88404030200238,0.8234972677595629
142,D2,D1,103,939,1.7306854897352224,1.5637952435874058,0.4924255907535553,0.999746165390721,0.9614115588208204,1.2675337039491665,1.8100845051015504,20.616777684537674,0.05005324813631523,2.0569596884761836,215.40823233111223,0.8499467518636847
142,D2,D3,103,35,1.2883708228816775,1.7136520326996287,0.9794747233390808,1.0,1.0,5.974341710153101,10.731985864550863,9.287874119839657,0.08571428571428572,2.1723778513308503,117.48956790541881,0.8142857142857143
142,D2,D4,103,183,1.1091999221748603,0.9267126730931402,0.4226374626159668,1.0,0.9667953667953668,-2.10717842506759,3.469593953319062,19.301294005745564,0.04371584699453552,2.0083364731172675,182.78419323362002,0.8562841530054645
142,D3,D1,35,939,2.1342420691430677,2.104717235613844,0.7170038223266602,1.0,0.9528590933472035,-0.43170989161482515,0.04182422639712058,1.6101297969910215,0.7145899893503728,38.034857482910176,78.67921381096235,0.18541001064962725
142,D3,D2,35,103,1.5483763135347497,1.6785864004351696,0.9794747233390808,1.0,1.0,-1.3180112657269254,0.15977677611580263,0.9455709232783841,0.912621359223301,25.594857482910175,33.141597790764386,-0.012621359223300987
142,D3,D4,35,183,1.5808067851366292,1.4576670743100038,0.7680826783180237,1.0,0.9859716859716858,-2.4390408952736866,0.3904633810718411,2.011306635546678,0.5409836065573771,21.59485748291016,76.37415620339927,0.3590163934426229
142,D4,D1,183,939,1.2889307646699826,1.5436937673429783,0.23202969133853912,1.0,0.5041398748845557,0.43734275647422133,0.6862745439056742,19.328200745927486,0.06815761448349308,2.301057820784166,182.20548545434474,0.8318423855165069
142,D4,D2,183,103,1.0598626639686513,0.8381788964253891,0.4226374626159668,1.0,0.9661776061776062,6.814829775799317,11.04189382716051,14.416387065511396,0.019417475728155338,2.210243174628829,179.53906451195215,0.8805825242718447
142,D4,D3,183,35,1.563330767813161,1.5607699196899512,0.7680826783180237,1.0,0.985971685971686,-0.5307245918516734,0.7476390645566328,9.118998628916522,0.17142857142857143,2.9954791159461536,78.03589285379836,0.7285714285714286
143,D1,D2,939,103,1.9382821078133012,1.5684955631166764,0.4924255907535553,0.9997416413373861,0.9633080040526849,16.89771303609087,14.499046373731895,5.167780955579275,0.0,3.0766315617158986,310.2645766663743,0.9
143,D1,D3,939,35,2.328586325885976,2.1535746079810343,0.7170038223266602,1.0,0.9528590933472035,13.150489878283782,9.806268075226846,4.011074141766671,0.0,3.5806155653638427,230.784257477401,0.9
143,D1,D4,939,183,1.4392698074254964,1.2948407066709,0.23202969133853912,1.0,0.5040378670854266,-8.37833917309917,6.210490756423944,5.979040190647136,0.07650273224043716,3.2889878258728795,167.55434333861965,0.8234972677595629
143,D2,D1,103,939,1.8494573291289358,1.7946786805398909,0.4924255907535553,0.999746165390721,0.9614115588208204,0.5731928380601278,0.9719888223940888,24.339630349043457,0.04792332268370607,1.7080878503121826,217.2043714079827,0.852076677316294
143,D2,D3,103,35,1.3525256260395426,1.3591801425454344,0.9794747233390808,1.0,1.0,5.490748535167637,11.221784871036242,10.238368825824152,0.08571428571428572,1.7339709800112502,112.58607914766485,0.8142857142857143
143,D2,D4,103,183,1.1083259050346366,1.0130731785624187,0.4226374626159668,1.0,0.9667953667953668,-2.6277536334530653,5.599939722251694,24.850306290024488,0.03825136612021858,1.4669743728610025,189.65551709261936,0.8617486338797814
143,D3,D1,35,939,2.337896591828896,2.1681293307088016,0.7170038223266602,1.0,0.9528590933472035,-0.43170989161482515,0.043074938045707126,1.658279117762956,0.5750798722044729,28.145142517089827,103.55195979954212,0.32492012779552715
143,D3,D2,35,103,1.4223871804069435,1.4765621035069878,0.9794747233390808,1.0,1.0,-1.3180112657269254,0.19273011254007125,1.1405912353994336,0.8058252427184466,20.205142517089833,35.15920704369406,0.09417475728155345
143,D3,D4,35,183,1.4495325132741614,1.486984744621021,0.7680826783180237,1.0,0.9859716859716858,-2.4390408952736866,0.3052614889716184,1.5724251955716955,0.6994535519125683,28.02514251708983,58.27505595760108,0.20054644808743172
143,D4,D1,183,939,1.1105425655812313,1.3637720629332333,0.23202969133853912,1.0,0.5041398748845557,-0.23569828331964315,0.3424068839328012,17.911158911402126,0.0617678381256656,2.0923541681052313,184.2628419010417,0.8382321618743345
143,D4,D2,183,103,1.0746637344111152,1.0382119137810677,0.4226374626159668,1.0,0.9661776061776062,5.993725704129391,9.828571294930851,14.149703348050217,0.019417475728155338,2.201497101804449,162.19825747337254,0.8805825242718447
143,D4,D3,183,35,1.5182820628246576,1.4039698724871947,0.7680826783180237,1.0,0.985971685971686,-0.9127177658269461,1.6503936429236068,12.287422664786378,0.08571428571428572,2.0085651820947747,90.27402205703581,0.8142857142857143
144,D1,D2,939,103,1.8290912735097604,1.8045974778353644,0.4924255907535553,0.9997416413373861,0.9633080040526849,19.183045626783898,9.05860353123315,3.1894666787408408,0.0,3.2167029256499102,354.7105862048288,0.9
144,D1,D3,939,35,2.245694626248357,2.146423912700436,0.7170038223266602,1.0,0.9528590933472035,12.522212769215987,9.391219417160844,3.8314815408987744,0.02857142857142857,3.107972524866085,223.08785076643468,0.8714285714285714
144,D1,D4,939,183,1.4223569503792353,1.553014443122176,0.23202969133853912,1.0,0.5040378670854266,-10.490317945920129,4.573415647131938,3.801727086842589,0.0546448087431694,3.3504254300272716,207.45362421881373,0.8453551912568307
144,D2,D1,103,939,1.7823738451019357,1.6067341323310658,0.4924255907535553,0.999746165390721,0.9614115588208204,0.8448371517543437,1.342018439877498,23.031720927694,0.05218317358892439,2.3359737632018924,213.76028990507044,0.8478168264110756
144,D2,D3,103,35,1.3108192659884679,1.9825670151546841,0.9794747233390808,1.0,1.0,5.691942814266284,10.186314912301716,9.272532990317627,0.05714285714285714,1.9835525503585671,114.39250812590447,0.8428571428571429
144,D2,D4,103,183,1.1352915268098278,0.9493224763518814,0.4226374626159668,1.0,0.9667953667953668,-3.0559906051128736,7.331585529482639,27.917513795284798,0.04918032786885246,1.4135857329576564,191.76487754304293,0.8508196721311476
144,D3,D1,35,939,2.4729124731414034,1.9215745683139622,0.7170038223266602,1.0,0.9528590933472035,-0.43170989161482515,0.05930380318824163,2.283050490441417,0.5228966986155484,25.73485748291017,111.97840383088877,0.3771033013844516
144,D3,D2,35,103,1.634645125604115,1.5289001893033949,0.9794747233390808,1.0,1.0,-1.3180112657269254,0.17206654576033395,1.0183027001496088,0.9320388349514563,28.14514251708983,33.877070659155976,-0.03203883495145632
144,D3,D4,35,183,1.668501797912559,1.492886200314417,0.7680826783180237,1.0,0.9859716859716858,-2.4390408952736866,0.3361144273979138,1.731351032900097,0.639344262295082,25.73485748291017,63.410459481957524,0.260655737704918
144,D4,D1,183,939,1.32880050174666,1.5162752157409698,0.23202969133853912,1.0,0.5041398748845557,-1.2259326391955305,2.069127884352291,20.34579359131468,0.08626198083067092,2.478281960443965,176.99882060831337,0.8137380191693291
144,D4,D2,183,103,1.323628842802799,1.0423338039600534,0.4226374626159668,1.0,0.9661776061776062,6.711065339674066,10.868372599228854,13.88486682382537,0.019417475728155338,2.4302546482207674,168.37753231415817,0.8805825242718447
144,D4,D3,183,35,1.3394730293085175,1.5674515545988064,0.7680826783180237,1.0,0.985971685971686,-0.17970104040376,0.2532314898925368,9.13766219230649,0.17142857142857143,2.498061007349918,82.78436130355529,0.7285714285714286
145,D1,D2,939,103,1.5433022082100343,1.7156634331269225,0.4924255907535553,0.9997416413373861,0.9633080040526849,17.385800653769852,14.403930984300533,5.778789872729971,0.009708737864077669,2.8180395696509644,322.45083318390147,0.8902912621359224
145,D1,D3,939,35,2.830259071581224,2.2446076398816333,0.7170038223266602,1.0,0.9528590933472035,10.823001146170506,9.192529672507868,4.148611511412276,0.02857142857142857,3.352961161017887,187.3877064197566,0.8714285714285714
145,D1,D4,939,183,1.4229863472624147,1.382523628370045,0.23202969133853912,1.0,0.5040378670854266,-10.423590188247092,5.015668623584612,4.258099128231583,0.07103825136612021,3.0780372433789647,204.7276184717314,0.8289617486338798
145,D2,D1,103,939,1.8522675080793014,1.5375842620062017,0.4924255907535553,0.999746165390721,0.9614115588208204,0.8176093976525775,1.2720503944700678,22.636048807557785,0.0777422790202343,2.9967665244968344,209.14240830466844,0.8222577209797657
145,D2,D3,103,35,1.9510440535852889,1.5806192954542835,0.9794747233390808,1.0,1.0,6.106988692853353,14.112734956614306,12.222947787525133,0.05714285714285714,1.347169759025121,127.58837584650666,0.8428571428571429
145,D2,D4,103,183,1.1922060761271411,0.8592009894059909,0.4226374626159668,1.0,0.9667953667953668,-2.596223534232271,4.515736467277066,20.280135901063705,0.0546448087431694,2.02872189815183,184.19256621969527,0.8453551912568307
145,D3,D1,35,939,2.4105611797802156,2.104444064950131,0.7170038223266602,1.0,0.9528590933472035,-0.43170989161482515,0.11110721685849546,4.2773544410835305,0.4068157614483493,18.414857482910172,144.0443642824475,0.4931842385516507
145,D3,D2,35,103,1.366152504861676,1.4371720723949428,0.9794747233390808,1.0,1.0,-1.3180112657269254,0.18003780754113416,1.0654772241636745,0.912621359223301,25.734857482910172,33.159267693676995,-0.012621359223300987
145,D3,D4,35,183,1.5298063789944494,1.7611581043919957,0.7680826783180237,1.0,0.9859716859716858,-2.4390408952736866,0.3414688258893318,1.7589319476214411,0.6994535519125683,28.14514251708983,58.03440021989616,0.20054644808743172
145,D4,D1,183,939,1.4248432629926138,1.4512762629832303,0.23202969133853912,1.0,0.5041398748845557,-0.5460550626037055,0.685827700652436,15.449751262679202,0.08413205537806177,2.526764886107898,180.14944094856503,0.8158679446219382
145,D4,D2,183,103,1.3790169614303969,0.8861142715288967,0.4226374626159668,1.0,0.9661776061776062,6.184975153763324,8.08826152925112,11.452957326091857,0.02912621359223301,2.2616959689017904,166.75106306483636,0.870873786407767
145,D4,D3,183,35,1.5680067170672578,1.491255012873351,0.7680826783180237,1.0,0.985971685971686,-0.7494807992298522,1.0680899608976286,8.845301343036084,0.14285714285714285,2.3260174826354216,77.72621205368048,0.7571428571428571
146,D1,D2,939,103,1.693043366339831,1.9090811538839183,0.4924255907535553,0.9997416413373861,0.9633080040526849,18.493083680668676,18.561591440832157,6.790043868454075,0.009708737864077669,2.654941827763283,346.1776300703743,0.8902912621359224
146,D1,D3,939,35,2.146042432300614,2.236454835212782,0.7170038223266602,1.0,0.9528590933472035,13.033972801392608,10.989886015433074,4.346511765963189,0.02857142857142857,3.351345373624333,231.50897130227727,0.8714285714285714
146,D1,D4,939,183,1.3890750817410569,1.276688843351646,0.23202969133853912,1.0,0.5040378670854266,-10.797612881657233,8.873869734365009,6.930989815795578,0.060109289617486336,3.1441975094861894,209.03626206722828,0.8398907103825137
146,D2,D1,103,939,1.7348892395101598,1.3526101006293876,0.4924255907535553,0.999746165390721,0.9614115588208204,0.7644254826924991,1.5838304805176175,30.004378238320193,0.025559105431309903,1.2838532302462513,222.62142504793613,0.8744408945686901
146,D2,D3,103,35,1.2961038583238205,1.4456336590405598,0.9794747233390808,1.0,1.0,5.438400284415118,11.799075955935002,11.485019624561048,0.05714285714285714,1.7662558049371029,113.11191253664622,0.8428571428571429
146,D2,D4,103,183,1.2817313960467436,0.9812081871668566,0.4226374626159668,1.0,0.9667953667953668,-2.0024255959897816,4.359268854385185,24.518524782635343,0.04371584699453552,1.6440160504712935,179.49577651906873,0.8562841530054645
146,D3,D1,35,939,2.344370684483457,2.0943755374773745,0.7170038223266602,1.0,0.9528590933472035,-0.43170989161482515,0.05869146766711313,2.2594770796874792,0.577209797657082,28.394857482910155,102.74378050165305,0.322790202342918
146,D3,D2,35,103,1.4876671389966418,1.456072043383629,0.9794747233390808,1.0,1.0,-1.3180112657269254,0.1863469910765064,1.1028154446842267,0.9320388349514563,28.025142517089837,33.83862405721423,-0.03203883495145632
146,D3,D4,35,183,1.4315041164978135,1.4171636319897625,0.7680826783180237,1.0,0.9859716859716858,-2.4390408952736866,0.3136221715660514,1.615491708835301,0.6994535519125683,28.14514251708983,58.03440021989616,0.20054644808743172
146,D4,D1,183,939,1.5239521130213742,1.3666207654330358,0.23202969133853912,1.0,0.5041398748845557,0.1868497219743113,0.37639799702043936,24.912498791785797,0.06283280085197018,1.7730716918382046,186.87627888913377,0.8371671991480298
146,D4,D2,183,103,1.1467690212807158,0.9662593817713092,0.4226374626159668,1.0,0.9661776061776062,6.53402693122133,11.027689328488973,14.871356569632587,0.019417475728155338,1.9153197261167771,176.00372638506727,0.8805825242718447
146,D4,D3,183,35,1.5196595416001972,1.4079804863720344,0.7680826783180237,1.0,0.985971685971686,0.1848435931094996,0.3087136564516784,10.33418485653417,0.11428571428571428,2.091181405395403,82.38698585315902,0.7857142857142857
147,D1,D2,939,103,2.0201561011677205,1.7743308067098482,0.4924255907535553,0.9997416413373861,0.9633080040526849,18.632583782640314,12.338836537974895,4.3912339579610284,0.009708737864077669,3.0940956960514674,345.03967721112224,0.8902912621359224
147,D1,D3,939,35,2.276615891055452,2.3168391224424822,0.7170038223266602,1.0,0.9528590933472035,11.323780870064226,6.969445428575544,2.751755229977394,0.0,4.110927436157539,189.47727047586662,0.9
147,D1,D4,939,183,1.2867397282282818,1.5370168990061621,0.23202969133853912,1.0,0.5040378670854266,-9.759873264997696,10.265570044467182,9.21133625095863,0.06557377049180328,2.981599935965164,193.69154089144465,0.8344262295081968
147,D2,D1,103,939,2.180212777255049,1.8516085956344,0.4924255907535553,0.999746165390721,0.9614115588208204,0.9643845232366566,2.0916606508980733,31.631156486044095,0.04046858359957402,1.5433965859810002,221.4605876913331,0.859531416400426
147,D2,D3,103,35,1.4131356137703486,1.893559191487001,0.9794747233390808,1.0,1.0,5.871812816701009,12.869926731844838,11.50442322037236,0.05714285714285714,1.5677736369096067,121.67571383215065,0.8428571428571429
147,D2,D4,103,183,1.3647502269902363,1.0302105002824922,0.4226374626159668,1.0,0.9667953667953668,-2.749620574651755,5.31971734291384,21.62183339784716,0.04371584699453552,1.711002073332878,182.06902806849425,0.8562841530054645
147,D3,D1,35,939,2.5603891568762185,2.2511329630863717,0.7170038223266602,1.0,0.9528590933472035,-0.43170989161482515,0.054998964492867786,2.11732479383562,0.5228966986155484,25.73485748291017,111.97840383088877,0.3771033013844516
147,D3,D2,35,103,1.6335490958951597,1.4064455864642835,0.9794747233390808,1.0,1.0,-1.3180112657269254,0.15381213569469973,0.9102717347034558,0.970873786407767,38.03485748291015,38.69216670952954,-0.07087378640776698
147,D3,D4,35,183,1.5983604560194273,1.6088480061010484,0.7680826783180237,1.0,0.9859716859716858,-2.4390408952736866,0.2906584164255408,1.4972036558957602,0.6994535519125683,28.394857482910158,57.533605725600744,0.20054644808743172
147,D4,D1,183,939,1.375639983005805,1.419376405551605,0.23202969133853912,1.0,0.5041398748845557,0.3207088642526092,0.4707976379873008,18.0291782393557,0.08093716719914804,2.5606100694743645,179.41315336206318,0.819062832800852
147,D4,D2,183,103,1.3054296543574626,0.9846889790347086,0.4226374626159668,1.0,0.9661776061776062,6.616920232243815,11.581275417956595,16.00811677855973,0.019417475728155338,2.2564786580073113,179.13625708943397,0.8805825242718447
147,D4,D3,183,35,1.5498684573365722,1.3133184706476664,0.7680826783180237,1.0,0.985971685971686,-0.8452504115034244,1.2204313596300629,9.017059592131313,0.17142857142857143,2.53998949612255,76.81999127385608,0.7285714285714286
148,D1,D2,939,103,1.693412781110631,1.6877863223575056,0.4924255907535553,0.9997416413373861,0.9633080040526849,18.777117794172707,8.084652138008288,2.679068667973078,0.0,4.464688632445332,335.36015819144615,0.9
148,D1,D3,939,35,2.26649035758866,1.953428259487881,0.7170038223266602,1.0,0.9528590933472035,12.881191522271374,9.167295764898709,3.277570549652807,0.0,3.0623836405646188,230.06237768034592,0.9
148,D1,D4,939,183,1.471923207808219,1.3220521814457364,0.23202969133853912,1.0,0.5040378670854266,-10.93642638123263,4.851521118914577,3.628472618211143,0.07650273224043716,3.784085995589464,198.0831562933014,0.8234972677595629
148,D2,D1,103,939,1.730567429723176,1.575645819912112,0.4924255907535553,0.999746165390721,0.9614115588208204,0.5604284704601334,0.8126669708313434,21.105323027517166,0.058572949946751864,2.5643273076378112,213.00760084391297,0.8414270500532481
148,D2,D3,103,35,1.6779078380151375,1.5899176213073563,0.9794747233390808,1.0,1.0,5.897757383665407,11.246635750536147,10.183467919936044,0.05714285714285714,2.379235511915951,115.30915722397616,0.8428571428571429
148,D2,D4,103,183,1.2037926264127576,0.80551061877384,0.4226374626159668,1.0,0.9667953667953668,-1.9484297545065996,2.7946980406164683,16.295396143577513,0.04918032786885246,2.1478214920253005,176.38268275569516,0.8508196721311476
148,D3,D1,35,939,2.1507757873872437,2.20249240259656,0.7170038223266602,1.0,0.9528590933472035,-0.43170989161482515,0.05319546335586629,2.0478944380408453,0.7145899893503728,38.034857482910176,78.67921381096235,0.18541001064962725
148,D3,D2,35,103,1.545282056909039,1.5450188564596552,0.9794747233390808,1.0,1.0,-1.3180112657269254,0.13233592881061507,0.7831739344750717,0.970873786407767,38.03485748291015,38.69216670952954,-0.07087378640776698
148,D3,D4,35,183,1.5893036726520604,1.2793086535339007,0.7680826783180237,1.0,0.9859716859716858,-2.4390408952736866,0.33669817636968546,1.7343579683448367,0.6994535519125683,28.02514251708983,58.27505595760108,0.20054644808743172
148,D4,D1,183,939,1.2827800744161664,1.4050608669423954,0.23202969133853912,1.0,0.5041398748845557,-0.39489055470134354,0.5228239827974732,16.09111084485735,0.09158679446219382,2.7397247459308858,175.87739621083904,0.8084132055378062
148,D4,D2,183,103,1.1831699574689103,1.124921890109467,0.4226374626159668,1.0,0.9661776061776062,7.022837729312569,9.030074970617875,11.578766826028973,0.019417475728155338,2.3907974452393153,181.24131175073734,0.8805825242718447
148,D4,D3,183,35,1.3448091610341306,1.3840761443141236,0.7680826783180237,1.0,0.985971685971686,-0.8771585943045744,1.2396996321123406,9.046602086441675,0.14285714285714285,2.796294233007032,76.67754871621968,0.7571428571428571
149,D1,D2,939,103,1.730890613035204,1.77739614813605,0.4924255907535553,0.9997416413373861,0.9633080040526849,17.654945811693548,15.83675225710427,6.125381908676841,0.0,3.029382258812107,325.83447590456205,0.9
149,D1,D3,939,35,2.477178806730842,2.112140383905967,0.7170038223266602,1.0,0.9528590933472035,9.089946822453415,8.611668524167019,4.724580857200322,0.02857142857142857,3.086033020924276,155.69506231904649,0.8714285714285714
149,D1,D4,939,183,1.2903037325674582,1.4295617734001345,0.23202969133853912,1.0,0.5040378670854266,-11.140675620333214,11.96402108124542,9.44587551134284,0.07103825136612021,3.0167609157576587,217.26702961502647,0.8289617486338798
149,D2,D1,103,939,1.883449121368689,1.6293082856420764,0.4924255907535553,0.999746165390721,0.9614115588208204,0.8002332855192995,1.3864893261970637,25.197809246049456,0.043663471778487756,1.6942146886677136,219.45208585815027,0.8563365282215123
149,D2,D3,103,35,1.3239140796399633,1.5283363641482919,0.9794747233390808,1.0,1.0,5.805193047273763,10.310071242498385,9.178324601197827,0.05714285714285714,2.1685590151207776,115.09751732265406,0.8428571428571429
149,D2,D4,103,183,1.0316775849478677,0.8786291161552592,0.4226374626159668,1.0,0.9667953667953668,-2.9340159489593867,6.988426883656195,27.535003323048077,0.03825136612021858,1.5147391922480724,189.31958864356065,0.8617486338797814
149,D3,D1,35,939,2.30170969419958,2.2531331443868887,0.7170038223266602,1.0,0.9528590933472035,-0.43170989161482515,0.07114757423174081,2.7390065309622376,0.5228966986155484,25.73485748291017,111.97840383088877,0.3771033013844516
149,D3,D2,35,103,1.3772322386501503,1.6537612531120716,0.9794747233390808,1.0,1.0,-1.3180112657269254,0.1871656253763236,1.1076601837603515,0.912621359223301,25.734857482910172,33.159267693676995,-0.012621359223300987
149,D3,D4,35,183,1.506036426085903,1.7229809028677097,0.7680826783180237,1.0,0.9859716859716858,-2.4390408952736866,0.3623618710231116,1.8665536154946083,0.639344262295082,25.594857482910164,63.775377514744406,0.260655737704918
149,D4,D1,183,939,1.1386769942191974,1.5258218742905272,0.23202969133853912,1.0,0.5041398748845557,-0.5936757388340493,0.8911379487316747,18.106356363028084,0.08200212992545261,2.2239818649834864,177.88680332949886,0.8179978700745474
149,D4,D2,183,103,1.155537247780608,0.9620989630354684,0.4226374626159668,1.0,0.9661776061776062,6.2757551875320114,8.761422310077313,11.836671285635182,0.038834951456310676,2.7686821033441333,157.95620902640707,0.8611650485436894
149,D4,D3,183,35,1.45266693504742,1.3311564888481178,0.7680826783180237,1.0,0.985971685971686,0.6851365194993149,1.0821956419495842,9.408354763439451,0.14285714285714285,2.2174980620366256,79.58824614454915,0.7571428571428571
150,D1,D2,939,103,1.557485826866932,1.768796876490899,0.4924255907535553,0.9997416413373861,0.9633080040526849,17.526981489160384,12.669361120271049,4.7876000083455095,0.0,4.030482075580551,314.26529110298276,0.9
150,D1,D3,939,35,2.3096184549261,2.361821713159206,0.7170038223266602,1.0,0.9528590933472035,13.15256596588439,11.315758934439637,4.577107943477603,0.0,3.6247374903375373,230.42868190465,0.9
150,D1,D4,939,183,1.5033136061258838,1.44506832223762,0.23202969133853912,1.0,0.5040378670854266,-9.93113578297108,8.451001615211931,7.504392477221006,0.0546448087431694,2.8385354104011142,197.7363104706241,0.8453551912568307
150,D2,D1,103,939,1.6832240686693785,1.6194830313113024,0.4924255907535553,0.999746165390721,0.9614115588208204,0.7794150195057599,1.7083154002538463,31.533315240686267,0.038338658146964855,1.5612148270010238,218.9076879722183,0.8616613418530352
150,D2,D3,103,35,1.390596631410292,1.5115433497379833,0.9794747233390808,1.0,1.0,4.77168738907809,10.551908716819003,11.251016990604235,0.17142857142857143,1.4303415975023341,104.16217701307681,0.7285714285714286
150,D2,D4,103,183,1.0350494614808374,0.9518413401479038,0.4226374626159668,1.0,0.9667953667953668,-1.771912201187368,4.069374062986435,26.30516791462514,0.02185792349726776,1.3590253906413068,184.0736541465764,0.8781420765027322
150,D3,D1,35,939,2.2004860810213014,2.122598798266039,0.7170038223266602,1.0,0.9528590933472035,-0.43170989161482515,0.03759444005706593,1.4472934313793324,0.7145899893503728,38.034857482910176,78.67921381096235,0.18541001064962725
150,D3,D2,35,103,1.5468394090491304,1.6751522004050883,0.9794747233390808,1.0,1.0,-1.3180112657269254,0.17283450660257937,1.0228475499099854,0.9320388349514563,28.394857482910155,33.95707642490423,-0.03203883495145632
150,D3,D4,35,183,1.448466237621907,1.488012821713828,0.7680826783180237,1.0,0.9859716859716858,-2.4390408952736866,0.24363236721936765,1.2549688922867284,0.8852459016393442,38.034857482910155,48.369875854802345,0.014754098360655776
150,D4,D1,183,939,1.2894429972577603,1.4976342651569086,0.23202969133853912,1.0,0.5041398748845557,0.015820475143533613,0.023881013195774313,18.611238325123356,0.08413205537806177,2.4685814336460656,180.95856596821662,0.8158679446219382
150,D4,D2,183,103,1.1926185264459293,0.9919189581744482,0.4226374626159668,1.0,0.9661776061776062,6.300523774866543,9.701471522217105,13.070368756854842,0.02912621359223301,2.452419122093361,162.18453037485818,0.870873786407767
150,D4,D3,183,35,1.5281277547015284,1.4044971978210827,0.7680826783180237,1.0,0.985971685971686,-0.19841712637663228,0.32018700516778276,8.570059657574244,0.14285714285714285,2.6395750866174126,62.353720822034745,0.7571428571428571
151,D1,D2,939,103,1.601765713418276,1.557551551365914,0.4924255907535553,0.9997416413373861,0.9633080040526849,17.763190467911624,8.234809972509513,3.0882212022021203,0.0,3.329035727154432,325.3024878138426,0.9
151,D1,D3,939,35,2.552346740187769,2.2191341299334995,0.7170038223266602,1.0,0.9528590933472035,12.810102853796094,5.36286098905713,1.924790230280174,0.0,3.981513230692997,220.36843799968494,0.9
151,D1,D4,939,183,1.4189045770921564,1.400791493452028,0.23202969133853912,1.0,0.5040378670854266,-10.870516404207843,7.799026053195789,6.120207400610967,0.04371584699453552,3.224438291158463,206.73026395755255,0.8562841530054645
151,D2,D1,103,939,1.7401361202566072,1.8191732635097728,0.4924255907535553,0.999746165390721,0.9614115588208204,1.2166510877774352,2.2474233935155765,26.76560419551784,0.04472843450479233,1.8300254270598229,217.770099373689,0.8552715654952077
151,D2,D3,103,35,1.527830840759886,1.6012082819634295,0.9794747233390808,1.0,1.0,5.44948509092745,12.114878452019568,11.251194135989367,0.08571428571428572,1.9422635431191257,110.58797439861357,0.8142857142857143
151,D2,D4,103,183,1.387634117158164,0.8481735034681059,0.4226374626159668,1.0,0.9667953667953668,-2.0771552273073794,3.847618970224345,21.20879708156518,0.04918032786885246,1.9304233678674767,180.7294199891873,0.8508196721311476
151,D3,D1,35,939,2.3335375381742236,2.0224691338514442,0.7170038223266602,1.0,0.9528590933472035,-0.43170989161482515,0.04297578218336792,1.6544618610614745,0.7145899893503728,38.034857482910176,78.67921381096235,0.18541001064962725
151,D3,D2,35,103,1.5556868232574905,1.3510992380422144,0.9794747233390808,1.0,1.0,-1.3180112657269254,0.14047004004431007,0.8313122137436403,0.9320388349514563,28.394857482910155,33.95707642490423,-0.03203883495145632
151,D3,D4,35,183,1.3631647076807962,1.3843563513915282,0.7680826783180237,1.0,0.9859716859716858,-2.4390408952736866,0.26600587033738265,1.3702165120716125,0.6994535519125683,28.02514251708983,58.27505595760108,0.20054644808743172
151,D4,D1,183,939,1.3313350619584532,1.4244391570291197,0.23202969133853912,1.0,0.5041398748845557,0.2051029016526486,0.3206819059868592,18.69210651961397,0.058572949946751864,1.9478097147679279,178.6345422986547,0.8414270500532481
151,D4,D2,183,103,1.111947812834921,1.1116369981389467,0.4226374626159668,1.0,0.9661776061776062,7.086147558677946,10.50619298196359,13.099667220680928,0.009708737864077669,2.373565300413518,180.20792116982878,0.8902912621359224
151,D4,D3,183,35,1.4384977343021523,1.7405580988445641,0.7680826783180237,1.0,0.985971685971686,-0.3504211328955497,0.5839512718193658,10.893047760531552,0.11428571428571428,2.458767211306693,82.72218798634148,0.7857142857142857
