seed,held_out,n_calib,n_target,ess,ess_fraction,pct_infinite_quantile,auc_phys,coverage,width,winkler
142,D1,65,939,37.48433636340744,0.5766820978985759,0.0,0.536293568173066,0.10436634717784878,3.258092622736569,171.81385744965343
142,D2,232,103,9.517921535281864,0.04102552385897355,0.6310679611650486,0.9736265984972882,0.6407766990291263,81.97374833037712,153.89722398823778
142,D3,245,35,79.05994315921934,0.3226936455478341,0.11428571428571428,0.9544023323615161,0.2,23.857800896371778,149.71755108596412
142,D4,216,183,151.6520797256229,0.7020929616926986,0.0,0.532802602343946,0.04918032786885246,3.1333962383826877,193.48667456185868
143,D1,65,939,44.92756278472594,0.6911932736111683,0.0,0.536293568173066,0.08413205537806177,2.938280882647867,177.89004418196885
143,D2,232,103,7.3412678710296255,0.03164339599581735,0.4563106796116505,0.9736265984972882,0.46601941747572817,69.80974677890514,206.10376772488956
143,D3,245,35,3.5742876520365052,0.014588929191985735,0.14285714285714285,0.9544023323615161,0.14285714285714285,29.605016574068266,184.48691955924522
143,D4,216,183,160.2887798372622,0.7420776844317695,0.0,0.532802602343946,0.060109289617486336,3.4142971909610047,196.15320211065847
144,D1,65,939,37.263049106462056,0.5732776785609547,0.0,0.536293568173066,0.0670926517571885,2.7210907347283673,176.32472675294136
144,D2,232,103,8.66723703327227,0.03735878031582875,0.4854368932038835,0.9736265984972882,0.4854368932038835,71.41326083135576,217.8074956951702
144,D3,245,35,82.69218699014556,0.3375191305720227,0.11428571428571428,0.9544023323615161,0.2,21.357397923586138,175.54794556065852
144,D4,216,183,146.48863854812208,0.6781881414264911,0.0,0.532802602343946,0.0546448087431694,3.257573804131022,209.15390128166962
145,D1,65,939,37.637095841329185,0.5790322437127566,0.0,0.536293568173066,0.07667731629392971,2.6856415156043054,178.26653269015054
145,D2,232,103,10.13742322355773,0.04369578975671436,0.6601941747572816,0.9736265984972882,0.6893203883495146,72.90274617181893,127.44251129815284
145,D3,245,35,114.58305762007619,0.4676859494696987,0.11428571428571428,0.9544023323615161,0.2,22.092402532589077,169.73523401879083
145,D4,216,183,170.45577651523416,0.7891471134964545,0.0,0.532802602343946,0.07103825136612021,3.0312658522622744,205.75785135037947
146,D1,65,939,43.06164540898988,0.6624868524459981,0.0,0.536293568173066,0.0724174653887114,3.008738098027348,172.7402577486532
146,D2,232,103,10.501136668229844,0.04526352012168036,0.6699029126213593,0.9736265984972882,0.6990291262135923,118.33980138717853,177.33835937388602
146,D3,245,35,105.07936869481355,0.42889538242781045,0.11428571428571428,0.9544023323615161,0.17142857142857143,22.479156352201375,161.87411230605088
146,D4,216,183,149.37015187930112,0.6915284809226904,0.0,0.532802602343946,0.060109289617486336,3.918522757870698,190.59660359759624
147,D1,65,939,42.393109378377204,0.6522016827442647,0.0,0.536293568173066,0.10862619808306709,3.313781227405061,174.39253754051484
147,D2,232,103,14.855446394819761,0.06403209652939552,0.6407766990291263,0.9736265984972882,0.6407766990291263,130.18716660826615,205.13466829083993
147,D3,245,35,41.56573089256056,0.16965604445943086,0.11428571428571428,0.9544023323615161,0.2,20.61588903143313,174.6591823723431
147,D4,216,183,164.37241462685515,0.7609834010502553,0.0,0.532802602343946,0.03278688524590164,2.6336200085399297,192.0242313890793
148,D1,65,939,39.152072741764876,0.6023395806425366,0.0,0.536293568173066,0.09691160809371673,3.6635582704952565,167.28489561482675
148,D2,232,103,8.72189181594867,0.037594361275640815,0.6407766990291263,0.9736265984972882,0.6504854368932039,323.1636609362321,407.3008412532395
148,D3,245,35,43.06583209404302,0.17577890650629802,0.11428571428571428,0.9544023323615161,0.17142857142857143,25.869769901387972,165.7806864268719
148,D4,216,183,125.45652110531618,0.5808172273394268,0.0,0.532802602343946,0.0546448087431694,3.182360777821377,209.69858217071143
149,D1,65,939,33.90720225636758,0.5216492654825782,0.0,0.536293568173066,0.09584664536741214,3.655803388003505,170.3944875308104
149,D2,232,103,8.964975838627828,0.03864213723546477,0.6601941747572816,0.9736265984972882,0.6601941747572816,126.58708987288968,189.71962214078494
149,D3,245,35,57.64901513737251,0.23530210260152043,0.11428571428571428,0.9544023323615161,0.22857142857142856,20.490255153730633,143.01286618467793
149,D4,216,183,165.80151284976233,0.7675995965266774,0.0,0.532802602343946,0.060109289617486336,3.283593603340638,219.32198249941604
150,D1,65,939,36.14293267512079,0.5560451180787814,0.0,0.536293568173066,0.05750798722044728,2.6419438045897796,175.08078700740018
150,D2,232,103,8.736961860874546,0.03765931836583856,0.6504854368932039,0.9736265984972882,0.6504854368932039,329.04994954168353,416.16168370626286
150,D3,245,35,84.76600962714207,0.34598371276384515,0.11428571428571428,0.9544023323615161,0.11428571428571428,15.958196341088097,175.40049344108922
150,D4,216,183,164.92021449878928,0.7635195115684689,0.0,0.532802602343946,0.0546448087431694,3.4639198544434104,212.79731282453227
151,D1,65,939,40.43237246002488,0.6220364993849982,0.0,0.536293568173066,0.08413205537806177,2.841501278995176,175.18992267834088
151,D2,232,103,8.481199897177149,0.03655689610852219,0.6893203883495146,0.9736265984972882,0.6893203883495146,78.62236551771178,151.5610446262329
151,D3,245,35,52.63779962323174,0.2148481617274765,0.11428571428571428,0.9544023323615161,0.17142857142857143,18.70976356003058,171.36481460876382
151,D4,216,183,142.08978776219382,0.6578230914916381,0.0,0.532802602343946,0.03825136612021858,2.7775958847732922,250.88927654061752
